venta_id,fecha,producto_id,cantidad,canal
1,2025-09-01,3,6,Tienda
2,2025-09-01,14,2,Tienda
3,2025-09-01,2,6,Tienda
4,2025-09-01,15,4,Mayorista
5,2025-09-01,11,1,Tienda
6,2025-09-01,6,7,Tienda
7,2025-09-01,4,3,Online
8,2025-09-01,18,1,Tienda
9,2025-09-01,6,2,Online
10,2025-09-01,28,5,Online
11,2025-09-01,18,3,Mayorista
12,2025-09-01,12,1,Tienda
13,2025-09-01,18,2,Tienda
14,2025-09-01,2,1,Tienda
15,2025-09-01,29,3,Online
16,2025-09-01,15,6,Tienda
17,2025-09-01,25,2,Tienda
18,2025-09-01,3,7,Tienda
19,2025-09-01,15,7,Mayorista
20,2025-09-01,15,2,Tienda
21,2025-09-01,29,4,Tienda
22,2025-09-01,17,1,Mayorista
23,2025-09-01,15,2,Online
24,2025-09-02,24,7,Tienda
25,2025-09-02,20,1,Tienda
26,2025-09-02,12,5,Tienda
27,2025-09-02,4,7,Tienda
28,2025-09-02,24,5,Tienda
29,2025-09-02,10,7,Online
30,2025-09-02,29,6,Online
31,2025-09-02,10,6,Tienda
32,2025-09-02,5,1,Mayorista
33,2025-09-02,26,1,Tienda
34,2025-09-02,6,3,Tienda
35,2025-09-02,7,4,Mayorista
36,2025-09-02,18,5,Tienda
37,2025-09-02,27,7,Tienda
38,2025-09-02,7,7,Tienda
39,2025-09-02,11,2,Tienda
40,2025-09-02,25,5,Tienda
41,2025-09-02,30,6,Mayorista
42,2025-09-02,15,3,Tienda
43,2025-09-02,6,2,Online
44,2025-09-02,1,7,Tienda
45,2025-09-02,10,5,Tienda
46,2025-09-03,16,6,Tienda
47,2025-09-03,19,5,Tienda
48,2025-09-03,27,1,Tienda
49,2025-09-03,19,4,Online
50,2025-09-03,14,5,Tienda
51,2025-09-03,12,6,Tienda
52,2025-09-03,14,3,Mayorista
53,2025-09-03,20,6,Tienda
54,2025-09-03,27,6,Tienda
55,2025-09-03,14,7,Tienda
56,2025-09-03,10,2,Tienda
57,2025-09-03,10,7,Tienda
58,2025-09-03,24,3,Tienda
59,2025-09-03,26,7,Tienda
60,2025-09-03,4,4,Mayorista
61,2025-09-03,3,1,Mayorista
62,2025-09-03,18,1,Tienda
63,2025-09-03,6,6,Mayorista
64,2025-09-03,26,6,Mayorista
65,2025-09-03,11,3,Online
66,2025-09-03,6,6,Online
67,2025-09-03,28,5,Tienda
68,2025-09-03,6,6,Tienda
69,2025-09-03,10,3,Mayorista
70,2025-09-03,6,4,Tienda
71,2025-09-03,5,6,Online
72,2025-09-04,15,3,Online
73,2025-09-04,14,1,Online
74,2025-09-04,10,3,Tienda
75,2025-09-04,12,5,Mayorista
76,2025-09-04,12,5,Tienda
77,2025-09-04,11,7,Tienda
78,2025-09-04,12,5,Online
79,2025-09-04,21,5,Mayorista
80,2025-09-04,11,1,Tienda
81,2025-09-04,29,7,Online
82,2025-09-04,28,7,Tienda
83,2025-09-04,15,4,Online
84,2025-09-04,11,6,Mayorista
85,2025-09-04,16,1,Tienda
86,2025-09-04,27,2,Tienda
87,2025-09-04,20,4,Tienda
88,2025-09-04,26,5,Tienda
89,2025-09-04,16,1,Tienda
90,2025-09-05,26,5,Online
91,2025-09-05,15,2,Mayorista
92,2025-09-05,18,4,Online
93,2025-09-05,28,5,Tienda
94,2025-09-05,5,4,Mayorista
95,2025-09-05,5,1,Mayorista
96,2025-09-05,3,6,Tienda
97,2025-09-05,20,2,Online
98,2025-09-05,14,6,Tienda
99,2025-09-05,24,4,Online
100,2025-09-05,21,5,Tienda
101,2025-09-05,11,1,Mayorista
102,2025-09-05,28,4,Tienda
103,2025-09-05,24,7,Tienda
104,2025-09-05,10,4,Tienda
105,2025-09-05,12,4,Online
106,2025-09-05,11,7,Tienda
107,2025-09-05,6,3,Mayorista
108,2025-09-05,6,7,Tienda
109,2025-09-05,29,6,Tienda
110,2025-09-05,14,6,Mayorista
111,2025-09-05,13,1,Online
112,2025-09-06,7,5,Online
113,2025-09-06,28,1,Tienda
114,2025-09-06,20,6,Online
115,2025-09-06,2,1,Tienda
116,2025-09-06,1,2,Online
117,2025-09-06,2,4,Tienda
118,2025-09-06,19,7,Tienda
119,2025-09-06,26,1,Tienda
120,2025-09-06,10,5,Mayorista
121,2025-09-06,27,4,Tienda
122,2025-09-06,2,5,Tienda
123,2025-09-06,26,6,Mayorista
124,2025-09-06,28,2,Tienda
125,2025-09-06,24,4,Online
126,2025-09-06,22,6,Tienda
127,2025-09-06,26,4,Mayorista
128,2025-09-06,2,2,Tienda
129,2025-09-06,7,3,Online
130,2025-09-06,5,5,Online
131,2025-09-06,15,4,Tienda
132,2025-09-06,24,7,Tienda
133,2025-09-07,5,4,Tienda
134,2025-09-07,5,3,Online
135,2025-09-07,10,4,Mayorista
136,2025-09-07,11,7,Tienda
137,2025-09-07,14,6,Online
138,2025-09-07,19,4,Tienda
139,2025-09-07,20,4,Tienda
140,2025-09-07,14,6,Tienda
141,2025-09-07,14,1,Mayorista
142,2025-09-07,9,1,Tienda
143,2025-09-07,18,1,Tienda
144,2025-09-07,11,2,Tienda
145,2025-09-07,2,6,Online
146,2025-09-07,14,3,Tienda
147,2025-09-07,15,4,Mayorista
148,2025-09-07,9,6,Tienda
149,2025-09-07,17,5,Tienda
150,2025-09-07,17,2,Tienda
151,2025-09-07,22,4,Mayorista
152,2025-09-07,20,3,Mayorista
153,2025-09-07,20,4,Tienda
154,2025-09-07,11,6,Online
155,2025-09-07,25,2,Tienda
156,2025-09-07,17,5,Online
157,2025-09-07,14,3,Tienda
158,2025-09-07,20,1,Tienda
159,2025-09-08,26,2,Tienda
160,2025-09-08,30,3,Tienda
161,2025-09-08,17,6,Tienda
162,2025-09-08,26,4,Tienda
163,2025-09-08,30,6,Online
164,2025-09-08,6,6,Online
165,2025-09-08,14,3,Online
166,2025-09-08,13,5,Tienda
167,2025-09-08,3,6,Tienda
168,2025-09-08,24,3,Tienda
169,2025-09-08,14,7,Tienda
170,2025-09-08,15,6,Online
171,2025-09-08,6,5,Tienda
172,2025-09-08,7,6,Mayorista
173,2025-09-08,28,3,Mayorista
174,2025-09-08,2,5,Tienda
175,2025-09-08,10,5,Tienda
176,2025-09-09,28,4,Online
177,2025-09-09,20,7,Online
178,2025-09-09,7,4,Mayorista
179,2025-09-09,12,4,Mayorista
180,2025-09-09,7,6,Online
181,2025-09-09,2,4,Tienda
182,2025-09-09,28,7,Online
183,2025-09-09,14,6,Tienda
184,2025-09-09,11,4,Online
185,2025-09-09,18,3,Mayorista
186,2025-09-09,1,7,Tienda
187,2025-09-09,10,6,Online
188,2025-09-09,22,6,Tienda
189,2025-09-09,20,1,Tienda
190,2025-09-09,30,1,Online
191,2025-09-10,3,2,Tienda
192,2025-09-10,17,5,Tienda
193,2025-09-10,26,5,Online
194,2025-09-10,28,7,Tienda
195,2025-09-10,26,3,Tienda
196,2025-09-10,2,6,Mayorista
197,2025-09-10,12,7,Tienda
198,2025-09-10,2,3,Tienda
199,2025-09-10,4,1,Mayorista
200,2025-09-10,21,2,Tienda
201,2025-09-10,22,5,Tienda
202,2025-09-10,24,1,Online
203,2025-09-10,27,3,Mayorista
204,2025-09-10,24,6,Tienda
205,2025-09-10,26,6,Tienda
206,2025-09-10,2,3,Tienda
207,2025-09-10,10,2,Online
208,2025-09-10,20,7,Tienda
209,2025-09-10,27,1,Mayorista
210,2025-09-10,1,3,Tienda
211,2025-09-10,16,3,Tienda
212,2025-09-11,2,1,Tienda
213,2025-09-11,14,7,Tienda
214,2025-09-11,20,6,Online
215,2025-09-11,12,1,Tienda
216,2025-09-11,14,3,Tienda
217,2025-09-11,29,2,Mayorista
218,2025-09-11,24,2,Tienda
219,2025-09-11,16,1,Online
220,2025-09-11,10,4,Online
221,2025-09-11,28,5,Tienda
222,2025-09-11,10,4,Mayorista
223,2025-09-11,11,5,Online
224,2025-09-11,28,5,Mayorista
225,2025-09-12,17,3,Tienda
226,2025-09-12,4,7,Tienda
227,2025-09-12,20,2,Tienda
228,2025-09-12,29,4,Tienda
229,2025-09-12,16,4,Mayorista
230,2025-09-12,14,6,Tienda
231,2025-09-12,2,2,Tienda
232,2025-09-12,29,3,Tienda
233,2025-09-12,4,7,Tienda
234,2025-09-12,2,5,Tienda
235,2025-09-12,10,2,Tienda
236,2025-09-12,3,7,Tienda
237,2025-09-12,14,7,Tienda
238,2025-09-12,16,5,Tienda
239,2025-09-12,11,3,Mayorista
240,2025-09-12,2,1,Tienda
241,2025-09-12,4,7,Tienda
242,2025-09-12,13,2,Tienda
243,2025-09-12,3,5,Tienda
244,2025-09-12,22,5,Tienda
245,2025-09-12,8,2,Mayorista
246,2025-09-12,11,5,Tienda
247,2025-09-12,13,2,Tienda
248,2025-09-12,14,6,Tienda
249,2025-09-12,1,7,Mayorista
250,2025-09-12,4,6,Tienda
251,2025-09-13,19,2,Tienda
252,2025-09-13,30,2,Tienda
253,2025-09-13,12,1,Online
254,2025-09-13,26,3,Mayorista
255,2025-09-13,11,2,Tienda
256,2025-09-13,26,1,Tienda
257,2025-09-13,19,6,Tienda
258,2025-09-13,9,7,Tienda
259,2025-09-13,14,2,Tienda
260,2025-09-13,11,4,Online
261,2025-09-13,3,4,Tienda
262,2025-09-13,2,6,Online
263,2025-09-13,12,6,Tienda
264,2025-09-13,2,7,Tienda
265,2025-09-13,6,7,Online
266,2025-09-13,23,1,Tienda
267,2025-09-13,22,3,Tienda
268,2025-09-13,24,3,Mayorista
269,2025-09-13,11,5,Online
270,2025-09-13,28,3,Tienda
271,2025-09-13,18,3,Tienda
272,2025-09-13,5,7,Tienda
273,2025-09-13,6,7,Mayorista
274,2025-09-13,21,7,Tienda
275,2025-09-13,6,3,Online
276,2025-09-13,16,4,Mayorista
277,2025-09-13,30,5,Tienda
278,2025-09-13,1,3,Online
279,2025-09-13,2,5,Online
280,2025-09-13,30,6,Tienda
281,2025-09-13,18,4,Mayorista
282,2025-09-13,5,1,Mayorista
283,2025-09-13,28,7,Tienda
284,2025-09-13,27,6,Tienda
285,2025-09-13,16,4,Tienda
286,2025-09-13,20,6,Mayorista
287,2025-09-14,28,1,Tienda
288,2025-09-14,13,4,Tienda
289,2025-09-14,11,1,Mayorista
290,2025-09-14,19,4,Online
291,2025-09-14,18,5,Tienda
292,2025-09-14,14,4,Tienda
293,2025-09-14,19,1,Online
294,2025-09-14,29,3,Mayorista
295,2025-09-14,15,6,Mayorista
296,2025-09-14,7,7,Mayorista
297,2025-09-14,12,3,Tienda
298,2025-09-14,13,7,Tienda
299,2025-09-14,5,7,Tienda
300,2025-09-14,6,3,Tienda
301,2025-09-14,21,6,Tienda
302,2025-09-14,12,6,Tienda
303,2025-09-14,29,4,Tienda
304,2025-09-14,10,2,Tienda
305,2025-09-14,4,1,Tienda
306,2025-09-14,24,6,Online
307,2025-09-14,27,6,Tienda
308,2025-09-14,10,3,Tienda
309,2025-09-14,7,1,Online
310,2025-09-14,7,6,Tienda
311,2025-09-14,16,5,Tienda
312,2025-09-15,10,7,Tienda
313,2025-09-15,27,2,Tienda
314,2025-09-15,7,2,Tienda
315,2025-09-15,14,2,Tienda
316,2025-09-15,14,7,Tienda
317,2025-09-15,10,1,Tienda
318,2025-09-15,22,4,Tienda
319,2025-09-15,27,5,Mayorista
320,2025-09-15,27,2,Online
321,2025-09-15,12,6,Tienda
322,2025-09-15,16,6,Tienda
323,2025-09-15,10,6,Tienda
324,2025-09-15,10,7,Tienda
325,2025-09-15,6,7,Online
326,2025-09-15,29,3,Online
327,2025-09-15,28,1,Online
328,2025-09-15,25,6,Tienda
329,2025-09-15,16,2,Tienda
330,2025-09-15,15,7,Online
331,2025-09-15,16,6,Mayorista
332,2025-09-15,16,1,Tienda
333,2025-09-15,14,7,Tienda
334,2025-09-15,5,1,Tienda
335,2025-09-15,5,4,Online
336,2025-09-15,29,2,Tienda
337,2025-09-15,15,2,Tienda
338,2025-09-15,29,7,Online
339,2025-09-15,6,6,Online
340,2025-09-15,17,4,Tienda
341,2025-09-16,12,3,Tienda
342,2025-09-16,7,3,Tienda
343,2025-09-16,21,2,Tienda
344,2025-09-16,27,1,Online
345,2025-09-16,2,1,Online
346,2025-09-16,14,5,Tienda
347,2025-09-16,28,7,Tienda
348,2025-09-16,24,3,Online
349,2025-09-16,30,7,Tienda
350,2025-09-16,16,7,Online
351,2025-09-16,20,2,Tienda
352,2025-09-16,11,1,Tienda
353,2025-09-16,29,2,Online
354,2025-09-16,12,2,Mayorista
355,2025-09-16,24,6,Tienda
356,2025-09-16,14,2,Online
357,2025-09-16,17,6,Tienda
358,2025-09-16,23,7,Tienda
359,2025-09-16,16,3,Tienda
360,2025-09-16,28,5,Mayorista
361,2025-09-16,14,4,Online
362,2025-09-16,20,3,Tienda
363,2025-09-17,19,5,Tienda
364,2025-09-17,14,3,Tienda
365,2025-09-17,29,3,Tienda
366,2025-09-17,27,3,Online
367,2025-09-17,11,3,Tienda
368,2025-09-17,16,7,Tienda
369,2025-09-17,15,1,Online
370,2025-09-17,20,3,Mayorista
371,2025-09-17,11,2,Online
372,2025-09-17,10,1,Tienda
373,2025-09-17,28,1,Mayorista
374,2025-09-17,28,3,Tienda
375,2025-09-17,27,7,Tienda
376,2025-09-17,30,2,Tienda
377,2025-09-17,24,7,Mayorista
378,2025-09-17,24,7,Tienda
379,2025-09-17,24,7,Online
380,2025-09-17,15,1,Tienda
381,2025-09-17,14,4,Online
382,2025-09-17,10,7,Tienda
383,2025-09-17,20,5,Tienda
384,2025-09-18,15,6,Online
385,2025-09-18,21,2,Mayorista
386,2025-09-18,20,4,Tienda
387,2025-09-18,30,4,Tienda
388,2025-09-18,30,7,Tienda
389,2025-09-18,16,3,Tienda
390,2025-09-18,4,4,Tienda
391,2025-09-18,23,2,Tienda
392,2025-09-18,30,1,Online
393,2025-09-18,11,1,Online
394,2025-09-18,15,1,Mayorista
395,2025-09-18,14,3,Tienda
396,2025-09-18,2,2,Mayorista
397,2025-09-18,21,2,Tienda
398,2025-09-18,12,6,Online
399,2025-09-18,25,1,Tienda
400,2025-09-18,26,1,Online
401,2025-09-18,26,5,Online
402,2025-09-18,14,2,Tienda
403,2025-09-18,11,4,Tienda
404,2025-09-18,24,6,Tienda
405,2025-09-19,24,7,Online
406,2025-09-19,5,3,Tienda
407,2025-09-19,3,6,Mayorista
408,2025-09-19,6,4,Online
409,2025-09-19,6,4,Tienda
410,2025-09-19,26,1,Tienda
411,2025-09-19,13,3,Tienda
412,2025-09-19,30,4,Tienda
413,2025-09-19,5,2,Mayorista
414,2025-09-19,20,6,Tienda
415,2025-09-19,14,2,Tienda
416,2025-09-19,13,3,Tienda
417,2025-09-19,27,2,Tienda
418,2025-09-19,30,3,Online
419,2025-09-19,27,6,Tienda
420,2025-09-19,7,1,Tienda
421,2025-09-19,9,5,Online
422,2025-09-19,20,7,Tienda
423,2025-09-20,15,1,Mayorista
424,2025-09-20,29,3,Tienda
425,2025-09-20,3,7,Tienda
426,2025-09-20,8,6,Mayorista
427,2025-09-20,18,3,Tienda
428,2025-09-20,7,4,Mayorista
429,2025-09-20,21,7,Tienda
430,2025-09-20,8,3,Tienda
431,2025-09-20,4,4,Tienda
432,2025-09-20,8,1,Tienda
433,2025-09-20,14,7,Mayorista
434,2025-09-20,6,1,Tienda
435,2025-09-20,5,5,Tienda
436,2025-09-20,27,3,Tienda
437,2025-09-20,11,6,Mayorista
438,2025-09-20,12,5,Mayorista
439,2025-09-20,2,6,Tienda
440,2025-09-20,12,3,Tienda
441,2025-09-20,10,7,Tienda
442,2025-09-20,19,4,Online
443,2025-09-20,8,3,Tienda
444,2025-09-20,28,4,Tienda
445,2025-09-20,28,1,Tienda
446,2025-09-20,4,3,Tienda
447,2025-09-20,4,4,Tienda
448,2025-09-20,5,6,Tienda
449,2025-09-20,20,6,Online
450,2025-09-20,5,4,Tienda
451,2025-09-20,27,4,Mayorista
452,2025-09-20,24,6,Tienda
453,2025-09-20,26,1,Tienda
454,2025-09-20,16,5,Mayorista
455,2025-09-20,30,6,Mayorista
456,2025-09-20,2,3,Tienda
457,2025-09-20,13,7,Tienda
458,2025-09-21,2,1,Tienda
459,2025-09-21,24,1,Tienda
460,2025-09-21,27,3,Online
461,2025-09-21,15,2,Tienda
462,2025-09-21,15,6,Tienda
463,2025-09-21,1,6,Tienda
464,2025-09-21,25,7,Tienda
465,2025-09-21,11,4,Online
466,2025-09-21,27,4,Tienda
467,2025-09-21,12,5,Tienda
468,2025-09-21,17,5,Tienda
469,2025-09-21,10,1,Tienda
470,2025-09-21,6,1,Tienda
471,2025-09-21,25,7,Tienda
472,2025-09-21,15,2,Tienda
473,2025-09-21,16,4,Tienda
474,2025-09-21,30,3,Mayorista
475,2025-09-21,30,2,Online
476,2025-09-21,27,3,Mayorista
477,2025-09-21,7,2,Online
478,2025-09-21,18,1,Mayorista
479,2025-09-21,27,7,Tienda
480,2025-09-21,12,5,Tienda
481,2025-09-21,4,3,Tienda
482,2025-09-21,26,1,Mayorista
483,2025-09-21,15,4,Tienda
484,2025-09-21,17,7,Online
485,2025-09-21,30,4,Mayorista
486,2025-09-21,19,3,Tienda
487,2025-09-21,14,3,Mayorista
488,2025-09-22,26,7,Online
489,2025-09-22,6,4,Mayorista
490,2025-09-22,16,6,Mayorista
491,2025-09-22,28,3,Tienda
492,2025-09-22,17,7,Online
493,2025-09-22,13,3,Tienda
494,2025-09-22,14,4,Mayorista
495,2025-09-22,3,2,Online
496,2025-09-22,30,7,Tienda
497,2025-09-22,11,4,Tienda
498,2025-09-22,7,4,Tienda
499,2025-09-22,11,2,Tienda
500,2025-09-22,30,3,Tienda
501,2025-09-22,4,4,Tienda
502,2025-09-22,27,6,Mayorista
503,2025-09-23,6,3,Mayorista
504,2025-09-23,8,4,Tienda
505,2025-09-23,30,3,Tienda
506,2025-09-23,9,6,Tienda
507,2025-09-23,16,5,Online
508,2025-09-23,29,3,Online
509,2025-09-23,30,2,Tienda
510,2025-09-23,10,4,Online
511,2025-09-23,2,7,Mayorista
512,2025-09-23,6,2,Tienda
513,2025-09-23,3,6,Tienda
514,2025-09-23,7,1,Tienda
515,2025-09-23,17,1,Tienda
516,2025-09-23,28,4,Mayorista
517,2025-09-23,16,1,Tienda
518,2025-09-23,20,4,Tienda
519,2025-09-23,7,7,Tienda
520,2025-09-23,26,1,Tienda
521,2025-09-23,20,6,Tienda
522,2025-09-23,27,5,Mayorista
523,2025-09-23,29,1,Mayorista
524,2025-09-23,12,4,Tienda
525,2025-09-23,4,6,Mayorista
526,2025-09-23,9,1,Online
527,2025-09-24,20,3,Mayorista
528,2025-09-24,27,4,Online
529,2025-09-24,20,2,Tienda
530,2025-09-24,12,5,Tienda
531,2025-09-24,20,6,Tienda
532,2025-09-24,21,4,Tienda
533,2025-09-24,29,2,Tienda
534,2025-09-24,12,3,Tienda
535,2025-09-24,14,6,Tienda
536,2025-09-24,26,5,Tienda
537,2025-09-24,16,2,Online
538,2025-09-24,23,6,Online
539,2025-09-24,15,2,Mayorista
540,2025-09-24,9,4,Tienda
541,2025-09-24,24,3,Tienda
542,2025-09-24,5,3,Tienda
543,2025-09-24,7,3,Tienda
544,2025-09-24,20,3,Online
545,2025-09-24,24,2,Tienda
546,2025-09-24,28,3,Tienda
547,2025-09-24,10,1,Tienda
548,2025-09-24,4,4,Tienda
549,2025-09-24,29,7,Online
550,2025-09-24,6,2,Mayorista
551,2025-09-24,7,3,Online
552,2025-09-24,11,4,Mayorista
553,2025-09-25,3,5,Tienda
554,2025-09-25,2,7,Mayorista
555,2025-09-25,15,1,Tienda
556,2025-09-25,15,5,Tienda
557,2025-09-25,14,2,Tienda
558,2025-09-25,17,6,Mayorista
559,2025-09-25,17,6,Online
560,2025-09-25,26,1,Online
561,2025-09-25,4,3,Tienda
562,2025-09-25,9,2,Mayorista
563,2025-09-25,26,4,Tienda
564,2025-09-25,27,2,Tienda
565,2025-09-25,30,5,Online
566,2025-09-25,27,2,Online
567,2025-09-25,28,5,Mayorista
568,2025-09-25,11,3,Tienda
569,2025-09-25,13,5,Tienda
570,2025-09-25,10,1,Mayorista
571,2025-09-25,19,7,Tienda
572,2025-09-25,29,1,Tienda
573,2025-09-25,12,6,Tienda
574,2025-09-25,17,6,Tienda
575,2025-09-25,11,3,Tienda
576,2025-09-25,6,6,Tienda
577,2025-09-25,7,2,Tienda
578,2025-09-25,2,2,Tienda
579,2025-09-26,21,6,Online
580,2025-09-26,30,5,Tienda
581,2025-09-26,14,3,Mayorista
582,2025-09-26,14,7,Mayorista
583,2025-09-26,28,1,Tienda
584,2025-09-26,10,2,Mayorista
585,2025-09-26,23,4,Tienda
586,2025-09-26,24,3,Online
587,2025-09-26,4,5,Online
588,2025-09-26,15,1,Mayorista
589,2025-09-26,7,1,Tienda
590,2025-09-26,7,6,Mayorista
591,2025-09-26,15,2,Online
592,2025-09-26,11,4,Mayorista
593,2025-09-26,26,2,Tienda
594,2025-09-26,28,6,Tienda
595,2025-09-26,26,7,Tienda
596,2025-09-26,10,2,Tienda
597,2025-09-26,10,4,Tienda
598,2025-09-26,10,5,Online
599,2025-09-26,5,7,Tienda
600,2025-09-26,29,7,Online
601,2025-09-26,14,3,Tienda
602,2025-09-26,9,5,Tienda
603,2025-09-26,27,3,Mayorista
604,2025-09-26,13,6,Online
605,2025-09-26,2,6,Mayorista
606,2025-09-26,6,7,Tienda
607,2025-09-27,30,2,Mayorista
608,2025-09-27,4,6,Tienda
609,2025-09-27,14,4,Online
610,2025-09-27,27,4,Tienda
611,2025-09-27,10,6,Tienda
612,2025-09-27,25,2,Mayorista
613,2025-09-27,13,4,Online
614,2025-09-27,30,5,Online
615,2025-09-27,27,7,Tienda
616,2025-09-27,11,4,Tienda
617,2025-09-27,24,1,Tienda
618,2025-09-27,11,5,Mayorista
619,2025-09-27,19,6,Tienda
620,2025-09-27,20,6,Tienda
621,2025-09-27,26,1,Mayorista
622,2025-09-27,2,1,Mayorista
623,2025-09-27,9,5,Tienda
624,2025-09-27,22,7,Tienda
625,2025-09-27,17,3,Tienda
626,2025-09-27,15,2,Tienda
627,2025-09-27,2,3,Mayorista
628,2025-09-27,12,1,Tienda
629,2025-09-27,27,1,Mayorista
630,2025-09-27,2,1,Tienda
631,2025-09-27,13,1,Online
632,2025-09-27,29,6,Mayorista
633,2025-09-27,2,3,Tienda
634,2025-09-27,24,5,Online
635,2025-09-27,10,3,Tienda
636,2025-09-27,27,4,Tienda
637,2025-09-28,10,5,Online
638,2025-09-28,6,5,Tienda
639,2025-09-28,10,6,Tienda
640,2025-09-28,27,4,Tienda
641,2025-09-28,11,7,Tienda
642,2025-09-28,21,2,Online
643,2025-09-28,27,6,Mayorista
644,2025-09-28,3,2,Tienda
645,2025-09-28,24,1,Tienda
646,2025-09-28,11,6,Tienda
647,2025-09-28,9,1,Mayorista
648,2025-09-28,21,5,Tienda
649,2025-09-28,28,7,Tienda
650,2025-09-28,11,4,Online
651,2025-09-28,17,1,Tienda
652,2025-09-28,11,1,Tienda
653,2025-09-28,17,4,Tienda
654,2025-09-28,20,7,Tienda
655,2025-09-28,19,7,Tienda
656,2025-09-28,20,7,Tienda
657,2025-09-28,5,3,Tienda
658,2025-09-28,21,2,Tienda
659,2025-09-29,23,5,Mayorista
660,2025-09-29,2,5,Mayorista
661,2025-09-29,17,1,Online
662,2025-09-29,6,4,Mayorista
663,2025-09-29,29,3,Tienda
664,2025-09-29,6,7,Tienda
665,2025-09-29,20,5,Tienda
666,2025-09-29,11,6,Tienda
667,2025-09-29,20,2,Mayorista
668,2025-09-29,14,7,Mayorista
669,2025-09-29,24,5,Tienda
670,2025-09-29,10,6,Tienda
671,2025-09-29,28,5,Tienda
672,2025-09-29,15,4,Tienda
673,2025-09-29,24,5,Tienda
674,2025-09-29,27,5,Online
675,2025-09-29,30,6,Tienda
676,2025-09-29,9,3,Tienda
677,2025-09-29,11,4,Mayorista
678,2025-09-29,10,2,Tienda
679,2025-09-29,10,1,Online
680,2025-09-30,11,2,Online
681,2025-09-30,6,2,Mayorista
682,2025-09-30,20,5,Tienda
683,2025-09-30,10,4,Tienda
684,2025-09-30,3,3,Tienda
685,2025-09-30,2,6,Tienda
686,2025-09-30,18,2,Tienda
687,2025-09-30,2,4,Tienda
688,2025-09-30,27,5,Tienda
689,2025-09-30,6,4,Tienda
690,2025-09-30,19,5,Online
691,2025-09-30,14,4,Online
692,2025-09-30,14,6,Tienda
693,2025-09-30,3,7,Tienda
694,2025-09-30,26,4,Tienda
695,2025-09-30,28,2,Tienda
696,2025-09-30,1,1,Tienda
697,2025-09-30,7,2,Tienda
698,2025-09-30,28,3,Mayorista
699,2025-09-30,17,4,Tienda
700,2025-09-30,6,7,Mayorista
701,2025-09-30,7,4,Mayorista
702,2025-09-30,20,1,Mayorista
703,2025-10-01,20,1,Tienda
704,2025-10-01,20,3,Tienda
705,2025-10-01,14,6,Mayorista
706,2025-10-01,17,4,Online
707,2025-10-01,6,1,Mayorista
708,2025-10-01,24,2,Tienda
709,2025-10-01,3,2,Tienda
710,2025-10-01,23,6,Tienda
711,2025-10-01,27,4,Tienda
712,2025-10-01,15,7,Online
713,2025-10-01,16,5,Tienda
714,2025-10-01,11,7,Tienda
715,2025-10-01,30,5,Tienda
716,2025-10-01,23,5,Tienda
717,2025-10-02,11,5,Tienda
718,2025-10-02,11,5,Online
719,2025-10-02,27,6,Tienda
720,2025-10-02,16,1,Tienda
721,2025-10-02,27,3,Tienda
722,2025-10-02,14,4,Online
723,2025-10-02,29,1,Tienda
724,2025-10-02,20,3,Tienda
725,2025-10-02,5,2,Tienda
726,2025-10-02,27,1,Tienda
727,2025-10-02,15,6,Tienda
728,2025-10-02,6,3,Online
729,2025-10-02,6,6,Tienda
730,2025-10-02,21,7,Tienda
731,2025-10-02,2,2,Tienda
732,2025-10-02,11,6,Online
733,2025-10-02,6,4,Mayorista
734,2025-10-02,14,5,Mayorista
735,2025-10-02,14,6,Tienda
736,2025-10-02,16,1,Tienda
737,2025-10-02,10,4,Tienda
738,2025-10-02,2,2,Mayorista
739,2025-10-03,15,6,Tienda
740,2025-10-03,30,5,Online
741,2025-10-03,15,3,Tienda
742,2025-10-03,5,2,Tienda
743,2025-10-03,2,3,Tienda
744,2025-10-03,29,6,Tienda
745,2025-10-03,10,1,Tienda
746,2025-10-03,15,6,Tienda
747,2025-10-03,4,1,Tienda
748,2025-10-03,14,7,Tienda
749,2025-10-03,28,4,Tienda
750,2025-10-03,15,4,Tienda
751,2025-10-03,30,5,Tienda
752,2025-10-03,10,6,Online
753,2025-10-03,15,7,Tienda
754,2025-10-03,27,7,Online
755,2025-10-03,14,3,Mayorista
756,2025-10-03,10,5,Tienda
757,2025-10-03,27,4,Tienda
758,2025-10-03,13,2,Tienda
759,2025-10-03,16,6,Tienda
760,2025-10-03,30,2,Tienda
761,2025-10-03,7,1,Tienda
762,2025-10-03,11,7,Tienda
763,2025-10-03,2,7,Tienda
764,2025-10-03,13,1,Tienda
765,2025-10-03,7,6,Tienda
766,2025-10-04,13,1,Mayorista
767,2025-10-04,12,4,Tienda
768,2025-10-04,11,6,Online
769,2025-10-04,4,1,Online
770,2025-10-04,2,1,Online
771,2025-10-04,7,6,Mayorista
772,2025-10-04,24,5,Tienda
773,2025-10-04,30,6,Tienda
774,2025-10-04,28,2,Tienda
775,2025-10-04,15,5,Tienda
776,2025-10-04,16,4,Tienda
777,2025-10-04,11,6,Mayorista
778,2025-10-04,24,3,Tienda
779,2025-10-04,24,7,Tienda
780,2025-10-04,27,7,Tienda
781,2025-10-04,28,6,Tienda
782,2025-10-04,14,4,Tienda
783,2025-10-04,24,3,Tienda
784,2025-10-04,26,4,Tienda
785,2025-10-04,11,5,Tienda
786,2025-10-04,28,4,Mayorista
787,2025-10-04,4,7,Mayorista
788,2025-10-05,16,2,Mayorista
789,2025-10-05,6,5,Tienda
790,2025-10-05,26,7,Tienda
791,2025-10-05,18,5,Tienda
792,2025-10-05,10,4,Tienda
793,2025-10-05,28,4,Tienda
794,2025-10-05,5,7,Online
795,2025-10-05,17,5,Tienda
796,2025-10-05,23,1,Online
797,2025-10-05,3,1,Online
798,2025-10-05,18,3,Tienda
799,2025-10-05,26,6,Online
800,2025-10-05,3,7,Mayorista
801,2025-10-05,16,4,Tienda
802,2025-10-05,10,1,Tienda
803,2025-10-05,20,7,Tienda
804,2025-10-05,5,4,Tienda
805,2025-10-05,29,4,Tienda
806,2025-10-05,28,3,Tienda
807,2025-10-05,7,2,Tienda
808,2025-10-05,11,2,Online
809,2025-10-05,18,3,Tienda
810,2025-10-05,23,3,Tienda
811,2025-10-05,14,7,Tienda
812,2025-10-05,6,6,Tienda
813,2025-10-05,4,2,Tienda
814,2025-10-05,30,7,Mayorista
815,2025-10-05,14,7,Tienda
816,2025-10-05,27,6,Tienda
817,2025-10-05,15,7,Mayorista
818,2025-10-05,28,5,Tienda
819,2025-10-05,3,1,Tienda
820,2025-10-05,4,1,Tienda
821,2025-10-06,23,5,Tienda
822,2025-10-06,27,3,Online
823,2025-10-06,20,5,Tienda
824,2025-10-06,19,1,Online
825,2025-10-06,24,7,Online
826,2025-10-06,27,7,Tienda
827,2025-10-06,27,2,Tienda
828,2025-10-06,2,4,Tienda
829,2025-10-06,17,6,Tienda
830,2025-10-06,9,4,Tienda
831,2025-10-06,27,5,Mayorista
832,2025-10-06,20,7,Tienda
833,2025-10-06,14,3,Tienda
834,2025-10-06,7,3,Tienda
835,2025-10-06,12,2,Tienda
836,2025-10-06,22,3,Online
837,2025-10-06,8,6,Mayorista
838,2025-10-06,4,4,Tienda
839,2025-10-06,28,7,Tienda
840,2025-10-06,24,1,Tienda
841,2025-10-06,7,3,Mayorista
842,2025-10-06,11,2,Tienda
843,2025-10-06,30,1,Tienda
844,2025-10-06,22,2,Tienda
845,2025-10-06,19,6,Tienda
846,2025-10-06,11,5,Mayorista
847,2025-10-07,21,4,Tienda
848,2025-10-07,27,6,Tienda
849,2025-10-07,12,6,Online
850,2025-10-07,17,3,Tienda
851,2025-10-07,3,1,Mayorista
852,2025-10-07,6,4,Tienda
853,2025-10-07,3,5,Tienda
854,2025-10-07,23,6,Tienda
855,2025-10-07,11,1,Online
856,2025-10-07,23,7,Online
857,2025-10-07,3,6,Tienda
858,2025-10-07,27,2,Tienda
859,2025-10-07,26,3,Tienda
860,2025-10-07,4,4,Tienda
861,2025-10-07,2,5,Tienda
862,2025-10-07,2,3,Tienda
863,2025-10-08,21,5,Mayorista
864,2025-10-08,27,6,Online
865,2025-10-08,10,2,Tienda
866,2025-10-08,6,2,Tienda
867,2025-10-08,1,7,Mayorista
868,2025-10-08,2,3,Online
869,2025-10-08,24,7,Tienda
870,2025-10-08,30,7,Tienda
871,2025-10-08,2,7,Tienda
872,2025-10-08,24,4,Tienda
873,2025-10-08,3,7,Tienda
874,2025-10-08,18,4,Mayorista
875,2025-10-08,24,6,Tienda
876,2025-10-08,12,1,Online
877,2025-10-08,1,6,Mayorista
878,2025-10-08,18,1,Online
879,2025-10-08,30,1,Online
880,2025-10-08,10,1,Online
881,2025-10-08,7,2,Mayorista
882,2025-10-08,5,6,Online
883,2025-10-08,17,7,Tienda
884,2025-10-08,18,5,Online
885,2025-10-08,26,2,Tienda
886,2025-10-09,24,7,Tienda
887,2025-10-09,30,2,Online
888,2025-10-09,6,2,Mayorista
889,2025-10-09,7,3,Tienda
890,2025-10-09,16,5,Tienda
891,2025-10-09,15,6,Mayorista
892,2025-10-09,17,4,Online
893,2025-10-09,2,3,Tienda
894,2025-10-09,14,4,Tienda
895,2025-10-09,18,6,Tienda
896,2025-10-09,18,2,Tienda
897,2025-10-09,20,7,Tienda
898,2025-10-09,23,7,Tienda
899,2025-10-09,20,7,Tienda
900,2025-10-09,25,1,Online
901,2025-10-09,20,6,Online
902,2025-10-09,16,3,Online
903,2025-10-09,19,5,Tienda
904,2025-10-09,4,1,Mayorista
905,2025-10-09,10,2,Tienda
906,2025-10-09,16,3,Mayorista
907,2025-10-09,27,7,Tienda
908,2025-10-09,21,7,Tienda
909,2025-10-09,4,5,Online
910,2025-10-10,21,2,Online
911,2025-10-10,29,3,Tienda
912,2025-10-10,26,7,Mayorista
913,2025-10-10,10,1,Mayorista
914,2025-10-10,2,7,Online
915,2025-10-10,29,4,Online
916,2025-10-10,29,5,Online
917,2025-10-10,16,4,Mayorista
918,2025-10-10,20,1,Tienda
919,2025-10-10,15,2,Tienda
920,2025-10-10,14,6,Tienda
921,2025-10-10,5,6,Tienda
922,2025-10-10,4,4,Tienda
923,2025-10-10,10,4,Tienda
924,2025-10-10,26,3,Tienda
925,2025-10-10,6,7,Mayorista
926,2025-10-10,9,3,Tienda
927,2025-10-10,16,5,Tienda
928,2025-10-10,8,3,Tienda
929,2025-10-10,6,2,Online
930,2025-10-10,17,4,Mayorista
931,2025-10-10,12,3,Online
932,2025-10-11,20,2,Tienda
933,2025-10-11,21,2,Tienda
934,2025-10-11,24,4,Online
935,2025-10-11,16,5,Online
936,2025-10-11,19,7,Tienda
937,2025-10-11,13,6,Mayorista
938,2025-10-11,2,3,Tienda
939,2025-10-11,4,3,Mayorista
940,2025-10-11,20,3,Mayorista
941,2025-10-11,30,4,Online
942,2025-10-11,2,3,Tienda
943,2025-10-11,17,5,Tienda
944,2025-10-11,24,6,Tienda
945,2025-10-11,26,4,Tienda
946,2025-10-11,16,5,Online
947,2025-10-11,20,1,Mayorista
948,2025-10-11,21,3,Online
949,2025-10-11,27,4,Online
950,2025-10-11,5,4,Tienda
951,2025-10-11,28,1,Tienda
952,2025-10-11,2,4,Mayorista
953,2025-10-11,26,4,Mayorista
954,2025-10-11,3,6,Mayorista
955,2025-10-11,7,7,Tienda
956,2025-10-11,1,7,Mayorista
957,2025-10-11,14,7,Tienda
958,2025-10-11,11,4,Tienda
959,2025-10-12,10,1,Mayorista
960,2025-10-12,3,4,Tienda
961,2025-10-12,15,3,Tienda
962,2025-10-12,28,4,Tienda
963,2025-10-12,20,3,Tienda
964,2025-10-12,16,6,Tienda
965,2025-10-12,14,4,Tienda
966,2025-10-12,15,2,Online
967,2025-10-12,8,3,Tienda
968,2025-10-12,26,7,Tienda
969,2025-10-12,7,3,Tienda
970,2025-10-12,23,4,Tienda
971,2025-10-12,24,2,Tienda
972,2025-10-12,17,3,Tienda
973,2025-10-12,27,2,Tienda
974,2025-10-12,11,4,Online
975,2025-10-12,27,5,Tienda
976,2025-10-12,23,6,Online
977,2025-10-12,26,5,Tienda
978,2025-10-12,20,6,Tienda
979,2025-10-12,27,5,Online
980,2025-10-12,30,2,Tienda
981,2025-10-12,14,6,Tienda
982,2025-10-12,26,5,Tienda
983,2025-10-12,24,2,Tienda
984,2025-10-13,26,7,Tienda
985,2025-10-13,2,2,Online
986,2025-10-13,13,6,Tienda
987,2025-10-13,27,2,Mayorista
988,2025-10-13,21,3,Tienda
989,2025-10-13,16,5,Tienda
990,2025-10-13,13,3,Tienda
991,2025-10-13,26,4,Tienda
992,2025-10-13,22,2,Tienda
993,2025-10-13,15,1,Online
994,2025-10-13,28,4,Tienda
995,2025-10-13,10,7,Mayorista
996,2025-10-13,6,1,Tienda
997,2025-10-13,20,2,Tienda
998,2025-10-13,30,6,Online
999,2025-10-13,10,2,Tienda
1000,2025-10-13,10,2,Tienda
1001,2025-10-13,6,7,Tienda
1002,2025-10-13,27,1,Online
1003,2025-10-13,9,4,Tienda
1004,2025-10-13,15,6,Mayorista
1005,2025-10-13,30,3,Mayorista
1006,2025-10-13,1,6,Online
1007,2025-10-13,17,4,Tienda
1008,2025-10-13,16,5,Online
1009,2025-10-13,26,6,Tienda
1010,2025-10-13,12,7,Tienda
1011,2025-10-13,14,1,Mayorista
1012,2025-10-14,26,1,Tienda
1013,2025-10-14,30,4,Tienda
1014,2025-10-14,6,6,Online
1015,2025-10-14,26,2,Mayorista
1016,2025-10-14,27,7,Tienda
1017,2025-10-14,2,4,Tienda
1018,2025-10-14,24,5,Online
1019,2025-10-14,12,6,Mayorista
1020,2025-10-14,20,6,Tienda
1021,2025-10-14,16,5,Tienda
1022,2025-10-14,10,1,Tienda
1023,2025-10-14,5,2,Tienda
1024,2025-10-14,5,2,Online
1025,2025-10-14,4,6,Tienda
1026,2025-10-14,20,2,Tienda
1027,2025-10-14,12,2,Online
1028,2025-10-14,9,7,Tienda
1029,2025-10-14,21,4,Tienda
1030,2025-10-14,21,1,Tienda
1031,2025-10-14,16,6,Tienda
1032,2025-10-14,29,5,Mayorista
1033,2025-10-15,2,3,Tienda
1034,2025-10-15,29,4,Tienda
1035,2025-10-15,30,6,Tienda
1036,2025-10-15,24,2,Tienda
1037,2025-10-15,15,5,Online
1038,2025-10-15,9,1,Tienda
1039,2025-10-15,26,5,Tienda
1040,2025-10-15,23,3,Online
1041,2025-10-15,9,3,Online
1042,2025-10-15,14,3,Mayorista
1043,2025-10-15,15,4,Tienda
1044,2025-10-15,26,5,Online
1045,2025-10-15,21,1,Tienda
1046,2025-10-15,20,4,Tienda
1047,2025-10-15,20,2,Tienda
1048,2025-10-15,10,3,Tienda
1049,2025-10-15,12,6,Tienda
1050,2025-10-15,2,1,Tienda
1051,2025-10-15,25,3,Tienda
1052,2025-10-16,2,7,Mayorista
1053,2025-10-16,10,3,Online
1054,2025-10-16,5,2,Tienda
1055,2025-10-16,9,1,Mayorista
1056,2025-10-16,10,3,Tienda
1057,2025-10-16,13,3,Tienda
1058,2025-10-16,16,7,Online
1059,2025-10-16,1,3,Tienda
1060,2025-10-16,6,7,Mayorista
1061,2025-10-16,4,3,Online
1062,2025-10-16,17,4,Tienda
1063,2025-10-16,11,4,Online
1064,2025-10-16,16,4,Tienda
1065,2025-10-16,9,3,Tienda
1066,2025-10-16,2,2,Mayorista
1067,2025-10-16,29,7,Online
1068,2025-10-16,4,1,Mayorista
1069,2025-10-16,5,4,Tienda
1070,2025-10-16,6,1,Online
1071,2025-10-16,30,5,Tienda
1072,2025-10-16,20,1,Online
1073,2025-10-16,19,3,Tienda
1074,2025-10-16,30,5,Online
1075,2025-10-16,4,4,Tienda
1076,2025-10-17,21,5,Tienda
1077,2025-10-17,15,3,Mayorista
1078,2025-10-17,11,2,Online
1079,2025-10-17,3,5,Tienda
1080,2025-10-17,10,7,Tienda
1081,2025-10-17,1,1,Tienda
1082,2025-10-17,30,2,Tienda
1083,2025-10-17,9,6,Tienda
1084,2025-10-17,26,2,Tienda
1085,2025-10-17,6,2,Online
1086,2025-10-17,10,4,Tienda
1087,2025-10-17,14,2,Tienda
1088,2025-10-17,11,7,Online
1089,2025-10-17,26,2,Online
1090,2025-10-17,29,5,Online
1091,2025-10-17,27,5,Tienda
1092,2025-10-17,6,7,Tienda
1093,2025-10-17,25,6,Tienda
1094,2025-10-17,6,1,Tienda
1095,2025-10-17,28,6,Tienda
1096,2025-10-17,16,2,Tienda
1097,2025-10-17,11,7,Tienda
1098,2025-10-17,6,2,Online
1099,2025-10-18,17,3,Mayorista
1100,2025-10-18,17,2,Tienda
1101,2025-10-18,15,5,Online
1102,2025-10-18,20,3,Tienda
1103,2025-10-18,8,3,Tienda
1104,2025-10-18,30,2,Mayorista
1105,2025-10-18,4,1,Tienda
1106,2025-10-18,26,5,Tienda
1107,2025-10-18,18,3,Online
1108,2025-10-18,10,2,Tienda
1109,2025-10-18,24,2,Online
1110,2025-10-18,3,7,Tienda
1111,2025-10-18,24,3,Mayorista
1112,2025-10-18,18,6,Tienda
1113,2025-10-18,4,3,Mayorista
1114,2025-10-18,3,5,Tienda
1115,2025-10-18,24,2,Tienda
1116,2025-10-18,11,7,Online
1117,2025-10-18,28,1,Tienda
1118,2025-10-18,24,6,Tienda
1119,2025-10-18,22,4,Tienda
1120,2025-10-18,10,5,Tienda
1121,2025-10-18,22,4,Tienda
1122,2025-10-18,29,2,Tienda
1123,2025-10-18,4,1,Mayorista
1124,2025-10-18,11,2,Tienda
1125,2025-10-18,10,1,Tienda
1126,2025-10-18,13,4,Tienda
1127,2025-10-18,24,2,Tienda
1128,2025-10-18,15,6,Tienda
1129,2025-10-18,17,4,Online
1130,2025-10-18,11,7,Online
1131,2025-10-18,6,1,Mayorista
1132,2025-10-19,19,7,Online
1133,2025-10-19,10,3,Online
1134,2025-10-19,9,5,Tienda
1135,2025-10-19,4,5,Tienda
1136,2025-10-19,20,5,Mayorista
1137,2025-10-19,25,2,Tienda
1138,2025-10-19,24,3,Online
1139,2025-10-19,11,5,Tienda
1140,2025-10-19,8,5,Online
1141,2025-10-19,14,2,Online
1142,2025-10-19,16,2,Tienda
1143,2025-10-19,28,7,Tienda
1144,2025-10-19,27,2,Tienda
1145,2025-10-19,28,6,Tienda
1146,2025-10-19,27,3,Tienda
1147,2025-10-19,30,5,Tienda
1148,2025-10-19,15,2,Tienda
1149,2025-10-19,2,5,Mayorista
1150,2025-10-19,3,5,Tienda
1151,2025-10-19,13,2,Tienda
1152,2025-10-19,10,7,Tienda
1153,2025-10-19,6,2,Online
1154,2025-10-19,29,6,Mayorista
1155,2025-10-19,7,4,Online
1156,2025-10-19,29,1,Tienda
1157,2025-10-20,30,1,Tienda
1158,2025-10-20,3,7,Online
1159,2025-10-20,26,1,Online
1160,2025-10-20,20,5,Tienda
1161,2025-10-20,23,1,Tienda
1162,2025-10-20,22,2,Tienda
1163,2025-10-20,27,3,Online
1164,2025-10-20,7,7,Online
1165,2025-10-20,1,4,Online
1166,2025-10-20,18,7,Tienda
1167,2025-10-20,12,1,Tienda
1168,2025-10-20,5,7,Tienda
1169,2025-10-20,7,1,Mayorista
1170,2025-10-20,11,4,Tienda
1171,2025-10-20,3,6,Tienda
1172,2025-10-20,2,4,Tienda
1173,2025-10-20,28,7,Online
1174,2025-10-20,11,1,Mayorista
1175,2025-10-20,30,2,Tienda
1176,2025-10-21,17,2,Tienda
1177,2025-10-21,22,5,Online
1178,2025-10-21,20,3,Online
1179,2025-10-21,13,7,Tienda
1180,2025-10-21,17,5,Online
1181,2025-10-21,4,2,Tienda
1182,2025-10-21,6,3,Tienda
1183,2025-10-21,29,1,Tienda
1184,2025-10-21,24,3,Online
1185,2025-10-21,28,1,Online
1186,2025-10-21,28,6,Tienda
1187,2025-10-21,20,6,Online
1188,2025-10-21,28,6,Tienda
1189,2025-10-21,14,3,Tienda
1190,2025-10-21,1,5,Tienda
1191,2025-10-21,3,2,Tienda
1192,2025-10-21,4,1,Tienda
1193,2025-10-22,29,7,Tienda
1194,2025-10-22,11,4,Online
1195,2025-10-22,12,1,Tienda
1196,2025-10-22,11,1,Tienda
1197,2025-10-22,28,2,Tienda
1198,2025-10-22,17,1,Online
1199,2025-10-22,28,3,Tienda
1200,2025-10-22,11,1,Tienda
1201,2025-10-22,4,1,Tienda
1202,2025-10-22,17,2,Online
1203,2025-10-22,12,3,Tienda
1204,2025-10-22,26,7,Mayorista
1205,2025-10-22,27,3,Online
1206,2025-10-22,15,5,Online
1207,2025-10-22,30,4,Online
1208,2025-10-22,17,5,Tienda
1209,2025-10-22,10,3,Tienda
1210,2025-10-23,2,4,Online
1211,2025-10-23,10,7,Tienda
1212,2025-10-23,4,4,Tienda
1213,2025-10-23,7,1,Tienda
1214,2025-10-23,20,7,Tienda
1215,2025-10-23,20,7,Online
1216,2025-10-23,14,7,Tienda
1217,2025-10-23,4,7,Tienda
1218,2025-10-23,14,1,Tienda
1219,2025-10-23,12,3,Mayorista
1220,2025-10-23,23,1,Mayorista
1221,2025-10-23,17,4,Tienda
1222,2025-10-23,15,4,Tienda
1223,2025-10-23,15,4,Online
1224,2025-10-23,30,1,Tienda
1225,2025-10-24,1,4,Tienda
1226,2025-10-24,14,3,Tienda
1227,2025-10-24,22,4,Tienda
1228,2025-10-24,26,7,Tienda
1229,2025-10-24,19,2,Mayorista
1230,2025-10-24,27,3,Tienda
1231,2025-10-24,14,2,Tienda
1232,2025-10-24,27,1,Online
1233,2025-10-24,16,6,Tienda
1234,2025-10-24,9,6,Online
1235,2025-10-24,29,3,Tienda
1236,2025-10-24,10,3,Tienda
1237,2025-10-24,2,7,Tienda
1238,2025-10-24,10,1,Tienda
1239,2025-10-25,15,4,Tienda
1240,2025-10-25,21,7,Tienda
1241,2025-10-25,21,4,Tienda
1242,2025-10-25,11,5,Mayorista
1243,2025-10-25,12,4,Tienda
1244,2025-10-25,18,4,Tienda
1245,2025-10-25,18,3,Mayorista
1246,2025-10-25,11,5,Tienda
1247,2025-10-25,11,2,Mayorista
1248,2025-10-25,21,6,Tienda
1249,2025-10-25,20,6,Online
1250,2025-10-25,5,1,Online
1251,2025-10-25,14,6,Mayorista
1252,2025-10-25,28,1,Tienda
1253,2025-10-25,2,4,Mayorista
1254,2025-10-25,27,7,Online
1255,2025-10-25,6,3,Tienda
1256,2025-10-25,16,4,Tienda
1257,2025-10-25,14,6,Online
1258,2025-10-25,1,1,Tienda
1259,2025-10-25,28,4,Tienda
1260,2025-10-25,14,4,Tienda
1261,2025-10-25,29,5,Online
1262,2025-10-25,11,2,Online
1263,2025-10-25,27,6,Mayorista
1264,2025-10-26,20,1,Mayorista
1265,2025-10-26,14,2,Tienda
1266,2025-10-26,6,7,Online
1267,2025-10-26,16,2,Online
1268,2025-10-26,3,4,Tienda
1269,2025-10-26,27,3,Online
1270,2025-10-26,28,3,Online
1271,2025-10-26,26,1,Tienda
1272,2025-10-26,17,5,Tienda
1273,2025-10-26,17,6,Tienda
1274,2025-10-26,30,7,Tienda
1275,2025-10-26,10,6,Tienda
1276,2025-10-26,3,4,Tienda
1277,2025-10-26,17,5,Mayorista
1278,2025-10-26,11,4,Mayorista
1279,2025-10-26,11,2,Tienda
1280,2025-10-26,1,7,Tienda
1281,2025-10-26,18,3,Mayorista
1282,2025-10-26,10,5,Tienda
1283,2025-10-26,7,4,Online
1284,2025-10-26,2,5,Online
1285,2025-10-26,12,3,Tienda
1286,2025-10-26,27,6,Tienda
1287,2025-10-26,11,3,Tienda
1288,2025-10-26,21,5,Mayorista
1289,2025-10-26,24,4,Tienda
1290,2025-10-26,11,5,Online
1291,2025-10-26,26,2,Online
1292,2025-10-26,21,6,Tienda
1293,2025-10-26,17,3,Tienda
1294,2025-10-26,1,6,Tienda
1295,2025-10-26,2,3,Online
1296,2025-10-26,30,1,Online
1297,2025-10-26,25,1,Tienda
1298,2025-10-27,10,4,Tienda
1299,2025-10-27,29,5,Tienda
1300,2025-10-27,22,5,Tienda
1301,2025-10-27,30,3,Tienda
1302,2025-10-27,30,7,Mayorista
1303,2025-10-27,28,4,Tienda
1304,2025-10-27,24,2,Tienda
1305,2025-10-27,19,3,Mayorista
1306,2025-10-27,6,4,Tienda
1307,2025-10-27,16,2,Mayorista
1308,2025-10-27,24,6,Tienda
1309,2025-10-27,16,2,Tienda
1310,2025-10-27,27,3,Tienda
1311,2025-10-27,4,1,Tienda
1312,2025-10-27,12,6,Mayorista
1313,2025-10-27,16,4,Tienda
1314,2025-10-27,14,5,Online
1315,2025-10-27,4,5,Mayorista
1316,2025-10-27,6,4,Tienda
1317,2025-10-27,26,3,Online
1318,2025-10-27,15,7,Mayorista
1319,2025-10-27,2,1,Mayorista
1320,2025-10-27,2,4,Tienda
1321,2025-10-27,15,2,Tienda
1322,2025-10-27,6,6,Tienda
1323,2025-10-27,22,7,Tienda
1324,2025-10-27,26,4,Tienda
1325,2025-10-28,24,6,Tienda
1326,2025-10-28,3,1,Tienda
1327,2025-10-28,24,5,Tienda
1328,2025-10-28,26,2,Online
1329,2025-10-28,13,3,Tienda
1330,2025-10-28,23,3,Mayorista
1331,2025-10-28,28,7,Online
1332,2025-10-28,26,5,Tienda
1333,2025-10-28,13,3,Tienda
1334,2025-10-28,15,2,Mayorista
1335,2025-10-28,25,4,Tienda
1336,2025-10-28,11,5,Tienda
1337,2025-10-28,26,2,Online
1338,2025-10-28,11,6,Tienda
1339,2025-10-28,26,6,Online
1340,2025-10-28,3,7,Online
1341,2025-10-28,2,2,Tienda
1342,2025-10-28,30,2,Mayorista
1343,2025-10-28,27,4,Tienda
1344,2025-10-28,27,5,Tienda
1345,2025-10-28,29,3,Mayorista
1346,2025-10-28,14,1,Tienda
1347,2025-10-28,11,2,Tienda
1348,2025-10-28,5,6,Tienda
1349,2025-10-28,15,5,Online
1350,2025-10-28,9,1,Tienda
1351,2025-10-28,29,4,Online
1352,2025-10-29,10,1,Tienda
1353,2025-10-29,27,1,Tienda
1354,2025-10-29,11,5,Tienda
1355,2025-10-29,8,6,Tienda
1356,2025-10-29,11,3,Online
1357,2025-10-29,8,6,Tienda
1358,2025-10-29,11,7,Tienda
1359,2025-10-29,3,3,Tienda
1360,2025-10-29,6,2,Online
1361,2025-10-29,14,1,Tienda
1362,2025-10-29,27,2,Tienda
1363,2025-10-29,2,1,Tienda
1364,2025-10-29,8,2,Tienda
1365,2025-10-29,28,3,Tienda
1366,2025-10-29,28,7,Tienda
1367,2025-10-29,21,5,Tienda
1368,2025-10-29,10,1,Tienda
1369,2025-10-29,14,6,Online
1370,2025-10-29,8,4,Tienda
1371,2025-10-29,5,2,Tienda
1372,2025-10-30,17,3,Mayorista
1373,2025-10-30,21,4,Tienda
1374,2025-10-30,3,5,Tienda
1375,2025-10-30,6,6,Tienda
1376,2025-10-30,11,7,Online
1377,2025-10-30,21,7,Tienda
1378,2025-10-30,14,6,Tienda
1379,2025-10-30,23,4,Mayorista
1380,2025-10-30,27,2,Tienda
1381,2025-10-30,24,1,Online
1382,2025-10-30,30,1,Tienda
1383,2025-10-30,24,7,Tienda
1384,2025-10-30,27,7,Tienda
1385,2025-10-30,26,7,Tienda
1386,2025-10-30,23,1,Tienda
1387,2025-10-30,26,2,Tienda
1388,2025-10-30,29,6,Tienda
1389,2025-10-30,15,4,Tienda
1390,2025-10-30,20,2,Mayorista
1391,2025-10-30,16,2,Mayorista
1392,2025-10-30,27,2,Tienda
1393,2025-10-30,14,3,Tienda
1394,2025-10-30,26,1,Tienda
1395,2025-10-30,26,3,Tienda
1396,2025-10-30,30,6,Tienda
1397,2025-10-30,10,2,Online
1398,2025-10-30,22,5,Mayorista
1399,2025-10-30,24,3,Online
1400,2025-10-30,29,7,Online
1401,2025-10-31,22,1,Tienda
1402,2025-10-31,3,3,Tienda
1403,2025-10-31,24,1,Online
1404,2025-10-31,30,2,Online
1405,2025-10-31,3,5,Online
1406,2025-10-31,26,7,Tienda
1407,2025-10-31,29,6,Tienda
1408,2025-10-31,9,1,Tienda
1409,2025-10-31,16,6,Tienda
1410,2025-10-31,28,4,Tienda
1411,2025-10-31,29,1,Online
1412,2025-10-31,5,2,Mayorista
1413,2025-10-31,12,5,Online
1414,2025-10-31,22,6,Tienda
1415,2025-10-31,9,4,Online
1416,2025-10-31,11,1,Tienda
1417,2025-10-31,2,3,Tienda
1418,2025-10-31,6,2,Mayorista
1419,2025-10-31,17,5,Tienda
1420,2025-10-31,20,5,Online
1421,2025-10-31,20,6,Tienda
1422,2025-10-31,25,3,Tienda
1423,2025-10-31,14,1,Online
1424,2025-10-31,10,4,Tienda
1425,2025-10-31,2,6,Tienda
1426,2025-10-31,8,6,Online
1427,2025-11-01,19,6,Mayorista
1428,2025-11-01,29,1,Tienda
1429,2025-11-01,16,2,Mayorista
1430,2025-11-01,23,1,Tienda
1431,2025-11-01,22,6,Online
1432,2025-11-01,10,3,Mayorista
1433,2025-11-01,10,4,Tienda
1434,2025-11-01,14,5,Mayorista
1435,2025-11-01,10,2,Mayorista
1436,2025-11-01,12,1,Mayorista
1437,2025-11-01,13,6,Tienda
1438,2025-11-01,19,7,Tienda
1439,2025-11-01,9,6,Tienda
1440,2025-11-01,26,5,Tienda
1441,2025-11-01,14,6,Online
1442,2025-11-01,22,7,Tienda
1443,2025-11-01,3,1,Tienda
1444,2025-11-01,15,3,Tienda
1445,2025-11-01,2,4,Online
1446,2025-11-01,21,2,Online
1447,2025-11-01,12,2,Tienda
1448,2025-11-01,29,4,Online
1449,2025-11-01,11,1,Mayorista
1450,2025-11-01,17,6,Tienda
1451,2025-11-01,10,5,Tienda
1452,2025-11-01,20,6,Tienda
1453,2025-11-01,15,6,Tienda
1454,2025-11-01,12,7,Tienda
1455,2025-11-01,8,2,Tienda
1456,2025-11-01,4,3,Tienda
1457,2025-11-02,9,1,Mayorista
1458,2025-11-02,27,3,Mayorista
1459,2025-11-02,12,6,Tienda
1460,2025-11-02,28,6,Tienda
1461,2025-11-02,8,2,Mayorista
1462,2025-11-02,17,7,Tienda
1463,2025-11-02,16,1,Tienda
1464,2025-11-02,26,3,Tienda
1465,2025-11-02,6,1,Tienda
1466,2025-11-02,28,5,Tienda
1467,2025-11-02,16,3,Tienda
1468,2025-11-02,18,1,Tienda
1469,2025-11-02,16,2,Tienda
1470,2025-11-02,2,4,Mayorista
1471,2025-11-02,15,5,Tienda
1472,2025-11-02,10,2,Tienda
1473,2025-11-02,12,5,Tienda
1474,2025-11-02,20,1,Tienda
1475,2025-11-02,15,5,Tienda
1476,2025-11-02,4,1,Online
1477,2025-11-02,3,3,Tienda
1478,2025-11-02,7,1,Tienda
1479,2025-11-02,7,2,Tienda
1480,2025-11-02,19,2,Tienda
1481,2025-11-02,7,4,Tienda
1482,2025-11-02,27,2,Mayorista
1483,2025-11-02,8,4,Mayorista
1484,2025-11-02,4,7,Tienda
1485,2025-11-02,27,6,Tienda
1486,2025-11-02,11,1,Tienda
1487,2025-11-03,7,7,Tienda
1488,2025-11-03,23,2,Tienda
1489,2025-11-03,12,3,Online
1490,2025-11-03,27,7,Mayorista
1491,2025-11-03,10,4,Online
1492,2025-11-03,16,5,Tienda
1493,2025-11-03,7,5,Tienda
1494,2025-11-03,15,7,Tienda
1495,2025-11-03,6,6,Tienda
1496,2025-11-03,6,5,Tienda
1497,2025-11-03,19,1,Tienda
1498,2025-11-03,10,3,Mayorista
1499,2025-11-03,6,4,Mayorista
1500,2025-11-03,28,3,Tienda
1501,2025-11-03,2,4,Tienda
1502,2025-11-03,17,6,Mayorista
1503,2025-11-03,16,6,Tienda
1504,2025-11-03,10,4,Tienda
1505,2025-11-03,14,3,Tienda
1506,2025-11-03,3,2,Online
1507,2025-11-03,23,4,Online
1508,2025-11-04,26,7,Tienda
1509,2025-11-04,27,1,Tienda
1510,2025-11-04,11,2,Tienda
1511,2025-11-04,29,3,Online
1512,2025-11-04,13,2,Tienda
1513,2025-11-04,26,4,Mayorista
1514,2025-11-04,30,4,Tienda
1515,2025-11-04,22,1,Tienda
1516,2025-11-04,6,5,Tienda
1517,2025-11-04,18,4,Online
1518,2025-11-04,5,1,Mayorista
1519,2025-11-04,25,4,Tienda
1520,2025-11-04,10,2,Tienda
1521,2025-11-04,21,2,Online
1522,2025-11-04,28,5,Online
1523,2025-11-04,7,4,Tienda
1524,2025-11-04,13,7,Online
1525,2025-11-04,20,4,Tienda
1526,2025-11-04,14,4,Mayorista
1527,2025-11-04,6,5,Online
1528,2025-11-04,2,1,Online
1529,2025-11-04,14,5,Tienda
1530,2025-11-04,20,7,Tienda
1531,2025-11-05,15,5,Tienda
1532,2025-11-05,24,3,Tienda
1533,2025-11-05,10,1,Tienda
1534,2025-11-05,18,3,Tienda
1535,2025-11-05,27,1,Online
1536,2025-11-05,11,1,Tienda
1537,2025-11-05,15,1,Tienda
1538,2025-11-05,29,3,Tienda
1539,2025-11-05,26,3,Tienda
1540,2025-11-05,27,4,Tienda
1541,2025-11-05,13,1,Mayorista
1542,2025-11-05,30,1,Tienda
1543,2025-11-05,6,5,Tienda
1544,2025-11-05,16,4,Tienda
1545,2025-11-05,15,5,Mayorista
1546,2025-11-05,26,2,Tienda
1547,2025-11-05,28,2,Tienda
1548,2025-11-05,23,5,Tienda
1549,2025-11-05,20,7,Tienda
1550,2025-11-05,14,3,Tienda
1551,2025-11-05,16,7,Online
1552,2025-11-05,16,7,Mayorista
1553,2025-11-05,2,2,Online
1554,2025-11-05,15,3,Tienda
1555,2025-11-05,27,3,Mayorista
1556,2025-11-05,22,5,Online
1557,2025-11-05,26,5,Online
1558,2025-11-06,15,7,Tienda
1559,2025-11-06,28,5,Online
1560,2025-11-06,26,2,Tienda
1561,2025-11-06,4,1,Online
1562,2025-11-06,5,5,Online
1563,2025-11-06,3,2,Tienda
1564,2025-11-06,15,2,Tienda
1565,2025-11-06,3,6,Online
1566,2025-11-06,23,2,Tienda
1567,2025-11-06,17,1,Tienda
1568,2025-11-06,26,4,Tienda
1569,2025-11-06,10,1,Online
1570,2025-11-06,16,2,Tienda
1571,2025-11-06,5,2,Online
1572,2025-11-06,27,7,Tienda
1573,2025-11-06,6,3,Tienda
1574,2025-11-07,27,1,Mayorista
1575,2025-11-07,19,1,Tienda
1576,2025-11-07,6,4,Online
1577,2025-11-07,17,3,Mayorista
1578,2025-11-07,10,2,Tienda
1579,2025-11-07,30,7,Online
1580,2025-11-07,2,2,Tienda
1581,2025-11-07,23,2,Tienda
1582,2025-11-07,24,2,Tienda
1583,2025-11-07,3,1,Tienda
1584,2025-11-07,6,6,Tienda
1585,2025-11-07,13,4,Mayorista
1586,2025-11-07,27,4,Tienda
1587,2025-11-07,16,5,Mayorista
1588,2025-11-07,20,7,Tienda
1589,2025-11-07,25,4,Online
1590,2025-11-08,26,6,Tienda
1591,2025-11-08,26,2,Tienda
1592,2025-11-08,24,4,Tienda
1593,2025-11-08,30,3,Tienda
1594,2025-11-08,15,5,Online
1595,2025-11-08,26,2,Tienda
1596,2025-11-08,27,7,Tienda
1597,2025-11-08,8,2,Tienda
1598,2025-11-08,2,1,Tienda
1599,2025-11-08,14,6,Online
1600,2025-11-08,27,7,Tienda
1601,2025-11-08,11,7,Tienda
1602,2025-11-08,22,6,Online
1603,2025-11-08,1,2,Tienda
1604,2025-11-08,12,1,Mayorista
1605,2025-11-08,20,6,Mayorista
1606,2025-11-08,5,6,Tienda
1607,2025-11-08,28,5,Tienda
1608,2025-11-08,6,6,Tienda
1609,2025-11-08,28,5,Tienda
1610,2025-11-08,9,1,Tienda
1611,2025-11-08,30,3,Online
1612,2025-11-08,19,1,Mayorista
1613,2025-11-08,3,2,Tienda
1614,2025-11-08,3,7,Mayorista
1615,2025-11-08,3,3,Tienda
1616,2025-11-08,18,1,Mayorista
1617,2025-11-08,26,5,Tienda
1618,2025-11-09,5,1,Tienda
1619,2025-11-09,17,2,Online
1620,2025-11-09,10,2,Tienda
1621,2025-11-09,23,6,Tienda
1622,2025-11-09,29,7,Tienda
1623,2025-11-09,24,6,Tienda
1624,2025-11-09,27,3,Tienda
1625,2025-11-09,16,1,Mayorista
1626,2025-11-09,26,6,Tienda
1627,2025-11-09,7,4,Online
1628,2025-11-09,3,2,Tienda
1629,2025-11-09,20,4,Online
1630,2025-11-09,2,2,Tienda
1631,2025-11-09,28,2,Tienda
1632,2025-11-09,21,5,Tienda
1633,2025-11-09,29,5,Online
1634,2025-11-09,11,2,Tienda
1635,2025-11-09,15,6,Online
1636,2025-11-09,24,6,Online
1637,2025-11-09,10,4,Tienda
1638,2025-11-09,16,1,Tienda
1639,2025-11-09,20,7,Mayorista
1640,2025-11-09,30,5,Tienda
1641,2025-11-09,24,3,Tienda
1642,2025-11-09,5,7,Tienda
1643,2025-11-09,15,5,Online
1644,2025-11-09,18,1,Tienda
1645,2025-11-09,6,5,Online
1646,2025-11-09,14,2,Tienda
1647,2025-11-09,10,7,Tienda
1648,2025-11-09,5,1,Tienda
1649,2025-11-09,16,3,Tienda
1650,2025-11-09,6,3,Tienda
1651,2025-11-10,12,5,Tienda
1652,2025-11-10,7,7,Tienda
1653,2025-11-10,6,5,Tienda
1654,2025-11-10,10,3,Tienda
1655,2025-11-10,2,6,Mayorista
1656,2025-11-10,11,1,Mayorista
1657,2025-11-10,28,5,Online
1658,2025-11-10,26,5,Tienda
1659,2025-11-10,12,2,Tienda
1660,2025-11-10,17,3,Tienda
1661,2025-11-10,17,3,Mayorista
1662,2025-11-10,26,1,Tienda
1663,2025-11-10,10,5,Tienda
1664,2025-11-10,11,3,Mayorista
1665,2025-11-10,11,5,Tienda
1666,2025-11-10,2,2,Tienda
1667,2025-11-10,11,3,Mayorista
1668,2025-11-10,27,5,Tienda
1669,2025-11-11,20,5,Tienda
1670,2025-11-11,2,4,Tienda
1671,2025-11-11,15,1,Tienda
1672,2025-11-11,20,1,Tienda
1673,2025-11-11,16,7,Online
1674,2025-11-11,10,2,Tienda
1675,2025-11-11,26,6,Tienda
1676,2025-11-11,30,5,Mayorista
1677,2025-11-11,15,7,Tienda
1678,2025-11-11,20,1,Tienda
1679,2025-11-11,25,5,Tienda
1680,2025-11-11,10,4,Online
1681,2025-11-11,27,7,Tienda
1682,2025-11-11,10,2,Tienda
1683,2025-11-11,25,7,Mayorista
1684,2025-11-11,4,6,Online
1685,2025-11-11,11,1,Online
1686,2025-11-11,16,4,Online
1687,2025-11-11,16,6,Tienda
1688,2025-11-11,27,2,Online
1689,2025-11-11,30,5,Online
1690,2025-11-11,4,3,Tienda
1691,2025-11-11,10,4,Tienda
1692,2025-11-11,12,4,Online
1693,2025-11-11,15,3,Tienda
1694,2025-11-11,15,7,Tienda
1695,2025-11-11,27,7,Tienda
1696,2025-11-11,24,1,Mayorista
1697,2025-11-11,2,5,Tienda
1698,2025-11-12,10,4,Tienda
1699,2025-11-12,3,5,Tienda
1700,2025-11-12,21,4,Tienda
1701,2025-11-12,1,1,Tienda
1702,2025-11-12,21,7,Tienda
1703,2025-11-12,10,4,Tienda
1704,2025-11-12,24,6,Mayorista
1705,2025-11-12,24,7,Tienda
1706,2025-11-12,23,1,Tienda
1707,2025-11-12,2,5,Online
1708,2025-11-12,22,5,Mayorista
1709,2025-11-12,30,6,Online
1710,2025-11-12,10,7,Online
1711,2025-11-12,10,1,Mayorista
1712,2025-11-12,26,4,Online
1713,2025-11-12,6,2,Tienda
1714,2025-11-12,20,7,Tienda
1715,2025-11-12,24,7,Tienda
1716,2025-11-13,11,6,Tienda
1717,2025-11-13,13,2,Mayorista
1718,2025-11-13,20,2,Online
1719,2025-11-13,28,7,Tienda
1720,2025-11-13,30,7,Online
1721,2025-11-13,20,2,Tienda
1722,2025-11-13,22,6,Tienda
1723,2025-11-13,11,2,Tienda
1724,2025-11-13,27,2,Tienda
1725,2025-11-13,9,5,Tienda
1726,2025-11-13,4,3,Online
1727,2025-11-13,30,7,Tienda
1728,2025-11-13,27,1,Online
1729,2025-11-13,11,2,Tienda
1730,2025-11-13,21,2,Tienda
1731,2025-11-13,15,1,Tienda
1732,2025-11-13,11,1,Tienda
1733,2025-11-13,11,3,Mayorista
1734,2025-11-13,5,2,Mayorista
1735,2025-11-13,17,2,Tienda
1736,2025-11-13,14,2,Tienda
1737,2025-11-14,5,6,Mayorista
1738,2025-11-14,5,7,Tienda
1739,2025-11-14,14,3,Online
1740,2025-11-14,27,6,Mayorista
1741,2025-11-14,27,3,Tienda
1742,2025-11-14,4,3,Tienda
1743,2025-11-14,17,3,Online
1744,2025-11-14,6,6,Tienda
1745,2025-11-14,21,6,Online
1746,2025-11-14,28,2,Mayorista
1747,2025-11-14,14,4,Online
1748,2025-11-14,3,3,Tienda
1749,2025-11-14,18,2,Tienda
1750,2025-11-14,14,4,Online
1751,2025-11-14,26,4,Tienda
1752,2025-11-14,12,7,Tienda
1753,2025-11-14,27,7,Tienda
1754,2025-11-14,10,3,Tienda
1755,2025-11-14,6,6,Tienda
1756,2025-11-14,11,1,Tienda
1757,2025-11-14,2,1,Online
1758,2025-11-14,10,3,Tienda
1759,2025-11-14,20,2,Mayorista
1760,2025-11-14,6,5,Tienda
1761,2025-11-14,4,1,Tienda
1762,2025-11-14,5,2,Tienda
1763,2025-11-14,3,1,Tienda
1764,2025-11-15,10,4,Tienda
1765,2025-11-15,19,7,Tienda
1766,2025-11-15,3,2,Tienda
1767,2025-11-15,11,2,Mayorista
1768,2025-11-15,26,4,Tienda
1769,2025-11-15,10,4,Mayorista
1770,2025-11-15,19,3,Tienda
1771,2025-11-15,14,7,Tienda
1772,2025-11-15,11,7,Tienda
1773,2025-11-15,28,4,Tienda
1774,2025-11-15,12,7,Tienda
1775,2025-11-15,10,5,Online
1776,2025-11-15,28,2,Tienda
1777,2025-11-15,24,6,Online
1778,2025-11-15,21,2,Online
1779,2025-11-15,2,2,Tienda
1780,2025-11-15,5,3,Tienda
1781,2025-11-15,20,7,Tienda
1782,2025-11-15,8,1,Tienda
1783,2025-11-15,9,4,Tienda
1784,2025-11-15,25,1,Online
1785,2025-11-15,11,4,Mayorista
1786,2025-11-15,3,3,Mayorista
1787,2025-11-15,2,2,Mayorista
1788,2025-11-15,14,5,Mayorista
1789,2025-11-15,20,2,Online
1790,2025-11-15,27,3,Tienda
1791,2025-11-16,2,4,Online
1792,2025-11-16,10,2,Online
1793,2025-11-16,29,7,Tienda
1794,2025-11-16,11,3,Tienda
1795,2025-11-16,7,7,Online
1796,2025-11-16,7,3,Mayorista
1797,2025-11-16,15,2,Tienda
1798,2025-11-16,27,5,Online
1799,2025-11-16,24,5,Tienda
1800,2025-11-16,14,6,Mayorista
1801,2025-11-16,8,7,Tienda
1802,2025-11-16,2,1,Tienda
1803,2025-11-16,15,6,Mayorista
1804,2025-11-16,26,2,Tienda
1805,2025-11-16,23,5,Tienda
1806,2025-11-16,14,2,Tienda
1807,2025-11-16,18,1,Tienda
1808,2025-11-16,14,3,Online
1809,2025-11-16,17,3,Online
1810,2025-11-16,16,1,Tienda
1811,2025-11-16,21,3,Online
1812,2025-11-16,16,6,Tienda
1813,2025-11-16,29,7,Mayorista
1814,2025-11-16,14,1,Tienda
1815,2025-11-16,2,5,Tienda
1816,2025-11-16,10,5,Tienda
1817,2025-11-16,15,6,Mayorista
1818,2025-11-16,16,4,Tienda
1819,2025-11-16,17,7,Online
1820,2025-11-16,22,6,Tienda
1821,2025-11-17,14,1,Tienda
1822,2025-11-17,20,5,Mayorista
1823,2025-11-17,14,3,Tienda
1824,2025-11-17,10,2,Tienda
1825,2025-11-17,21,4,Online
1826,2025-11-17,18,2,Tienda
1827,2025-11-17,16,1,Tienda
1828,2025-11-17,17,2,Mayorista
1829,2025-11-17,9,5,Tienda
1830,2025-11-17,21,6,Tienda
1831,2025-11-17,13,7,Mayorista
1832,2025-11-17,12,2,Online
1833,2025-11-17,6,7,Mayorista
1834,2025-11-17,18,5,Tienda
1835,2025-11-17,19,2,Tienda
1836,2025-11-17,12,5,Tienda
1837,2025-11-17,27,2,Tienda
1838,2025-11-17,27,4,Mayorista
1839,2025-11-17,4,7,Online
1840,2025-11-18,28,3,Tienda
1841,2025-11-18,14,4,Tienda
1842,2025-11-18,13,6,Online
1843,2025-11-18,6,6,Online
1844,2025-11-18,10,5,Tienda
1845,2025-11-18,27,2,Tienda
1846,2025-11-18,15,6,Mayorista
1847,2025-11-18,12,5,Tienda
1848,2025-11-18,9,2,Mayorista
1849,2025-11-18,15,4,Tienda
1850,2025-11-18,23,2,Online
1851,2025-11-18,11,2,Tienda
1852,2025-11-18,24,2,Tienda
1853,2025-11-18,20,4,Tienda
1854,2025-11-18,25,2,Tienda
1855,2025-11-18,10,1,Tienda
1856,2025-11-18,20,3,Tienda
1857,2025-11-18,6,5,Online
1858,2025-11-18,12,5,Tienda
1859,2025-11-18,23,2,Mayorista
1860,2025-11-18,20,3,Tienda
1861,2025-11-18,7,3,Tienda
1862,2025-11-18,27,3,Tienda
1863,2025-11-18,2,6,Mayorista
1864,2025-11-18,18,6,Mayorista
1865,2025-11-18,30,6,Tienda
1866,2025-11-19,11,2,Online
1867,2025-11-19,20,2,Tienda
1868,2025-11-19,7,6,Tienda
1869,2025-11-19,28,5,Online
1870,2025-11-19,4,4,Online
1871,2025-11-19,1,6,Tienda
1872,2025-11-19,27,5,Tienda
1873,2025-11-19,22,5,Tienda
1874,2025-11-19,12,4,Online
1875,2025-11-19,18,6,Tienda
1876,2025-11-19,9,2,Tienda
1877,2025-11-19,6,6,Tienda
1878,2025-11-19,15,4,Tienda
1879,2025-11-19,12,5,Mayorista
1880,2025-11-19,20,7,Mayorista
1881,2025-11-19,9,4,Online
1882,2025-11-20,11,5,Tienda
1883,2025-11-20,18,7,Tienda
1884,2025-11-20,2,3,Tienda
1885,2025-11-20,1,4,Tienda
1886,2025-11-20,27,6,Tienda
1887,2025-11-20,2,5,Tienda
1888,2025-11-20,16,4,Tienda
1889,2025-11-20,20,4,Tienda
1890,2025-11-20,7,2,Tienda
1891,2025-11-20,28,4,Mayorista
1892,2025-11-20,7,2,Tienda
1893,2025-11-20,27,7,Tienda
1894,2025-11-20,24,5,Tienda
1895,2025-11-20,10,2,Tienda
1896,2025-11-20,6,4,Tienda
1897,2025-11-20,11,2,Tienda
1898,2025-11-20,13,4,Mayorista
1899,2025-11-20,10,5,Tienda
1900,2025-11-20,30,2,Tienda
1901,2025-11-20,10,1,Online
1902,2025-11-20,26,3,Tienda
1903,2025-11-20,6,3,Tienda
1904,2025-11-20,30,5,Tienda
1905,2025-11-21,25,6,Tienda
1906,2025-11-21,14,6,Tienda
1907,2025-11-21,29,5,Tienda
1908,2025-11-21,11,5,Tienda
1909,2025-11-21,14,2,Tienda
1910,2025-11-21,24,4,Tienda
1911,2025-11-21,12,5,Tienda
1912,2025-11-21,12,4,Mayorista
1913,2025-11-21,30,4,Tienda
1914,2025-11-21,17,7,Tienda
1915,2025-11-21,21,5,Tienda
1916,2025-11-21,20,2,Mayorista
1917,2025-11-21,26,7,Tienda
1918,2025-11-21,27,4,Tienda
1919,2025-11-21,17,6,Mayorista
1920,2025-11-21,11,2,Online
1921,2025-11-21,2,1,Tienda
1922,2025-11-21,20,4,Mayorista
1923,2025-11-21,26,2,Mayorista
1924,2025-11-21,14,3,Mayorista
1925,2025-11-21,6,6,Mayorista
1926,2025-11-21,11,4,Tienda
1927,2025-11-21,16,1,Tienda
1928,2025-11-21,26,5,Tienda
1929,2025-11-21,6,5,Tienda
1930,2025-11-21,19,2,Tienda
1931,2025-11-21,24,3,Tienda
1932,2025-11-21,29,3,Tienda
1933,2025-11-21,5,1,Mayorista
1934,2025-11-21,28,3,Mayorista
1935,2025-11-21,19,4,Tienda
1936,2025-11-22,12,1,Tienda
1937,2025-11-22,24,2,Online
1938,2025-11-22,5,3,Tienda
1939,2025-11-22,11,7,Tienda
1940,2025-11-22,23,2,Tienda
1941,2025-11-22,20,3,Tienda
1942,2025-11-22,26,4,Tienda
1943,2025-11-22,2,7,Mayorista
1944,2025-11-22,6,1,Tienda
1945,2025-11-22,2,6,Tienda
1946,2025-11-22,7,1,Tienda
1947,2025-11-22,1,1,Mayorista
1948,2025-11-22,15,7,Tienda
1949,2025-11-22,16,5,Tienda
1950,2025-11-22,20,4,Tienda
1951,2025-11-22,13,3,Tienda
1952,2025-11-22,1,3,Tienda
1953,2025-11-22,21,3,Tienda
1954,2025-11-22,2,4,Tienda
1955,2025-11-22,27,4,Tienda
1956,2025-11-22,2,4,Tienda
1957,2025-11-22,16,1,Tienda
1958,2025-11-22,28,1,Tienda
1959,2025-11-22,17,7,Mayorista
1960,2025-11-22,19,6,Tienda
1961,2025-11-22,21,3,Online
1962,2025-11-22,5,3,Online
1963,2025-11-22,21,6,Tienda
1964,2025-11-22,27,2,Tienda
1965,2025-11-22,30,5,Tienda
1966,2025-11-23,10,4,Mayorista
1967,2025-11-23,15,1,Tienda
1968,2025-11-23,20,7,Mayorista
1969,2025-11-23,16,5,Mayorista
1970,2025-11-23,7,7,Mayorista
1971,2025-11-23,4,3,Online
1972,2025-11-23,26,3,Tienda
1973,2025-11-23,15,7,Tienda
1974,2025-11-23,3,6,Online
1975,2025-11-23,10,6,Tienda
1976,2025-11-23,26,7,Mayorista
1977,2025-11-23,24,2,Tienda
1978,2025-11-23,27,3,Tienda
1979,2025-11-23,19,2,Tienda
1980,2025-11-23,14,6,Tienda
1981,2025-11-23,14,4,Tienda
1982,2025-11-23,7,5,Tienda
1983,2025-11-23,20,4,Online
1984,2025-11-23,18,7,Online
1985,2025-11-23,6,7,Mayorista
1986,2025-11-23,27,5,Tienda
1987,2025-11-23,12,3,Tienda
1988,2025-11-23,2,2,Tienda
1989,2025-11-23,11,1,Online
1990,2025-11-24,20,5,Tienda
1991,2025-11-24,30,7,Mayorista
1992,2025-11-24,11,5,Tienda
1993,2025-11-24,7,2,Online
1994,2025-11-24,10,3,Online
1995,2025-11-24,14,2,Tienda
1996,2025-11-24,10,2,Tienda
1997,2025-11-24,12,2,Online
1998,2025-11-24,20,6,Online
1999,2025-11-24,12,2,Tienda
2000,2025-11-24,13,6,Tienda
2001,2025-11-24,2,5,Mayorista
2002,2025-11-24,28,1,Tienda
2003,2025-11-24,14,6,Tienda
2004,2025-11-24,11,3,Online
2005,2025-11-24,3,6,Online
2006,2025-11-24,20,6,Tienda
2007,2025-11-24,27,4,Online
2008,2025-11-24,2,7,Online
2009,2025-11-24,6,5,Mayorista
2010,2025-11-25,14,5,Tienda
2011,2025-11-25,12,3,Tienda
2012,2025-11-25,26,7,Tienda
2013,2025-11-25,20,6,Tienda
2014,2025-11-25,3,7,Tienda
2015,2025-11-25,6,5,Tienda
2016,2025-11-25,28,3,Tienda
2017,2025-11-25,27,3,Tienda
2018,2025-11-25,29,5,Online
2019,2025-11-25,14,2,Tienda
2020,2025-11-25,25,2,Tienda
2021,2025-11-25,26,1,Online
2022,2025-11-25,11,4,Tienda
2023,2025-11-25,6,2,Tienda
2024,2025-11-25,30,2,Online
2025,2025-11-25,2,7,Online
2026,2025-11-25,18,2,Tienda
2027,2025-11-25,20,5,Online
2028,2025-11-25,21,2,Tienda
2029,2025-11-25,10,3,Mayorista
2030,2025-11-25,23,1,Tienda
2031,2025-11-25,9,1,Tienda
2032,2025-11-25,26,3,Tienda
2033,2025-11-25,9,6,Tienda
2034,2025-11-25,21,6,Mayorista
2035,2025-11-25,25,1,Mayorista
2036,2025-11-25,7,5,Online
2037,2025-11-25,10,5,Tienda
2038,2025-11-25,25,7,Tienda
2039,2025-11-25,3,1,Online
2040,2025-11-25,7,4,Tienda
2041,2025-11-26,26,5,Tienda
2042,2025-11-26,8,1,Online
2043,2025-11-26,29,3,Online
2044,2025-11-26,6,1,Online
2045,2025-11-26,5,4,Tienda
2046,2025-11-26,26,1,Tienda
2047,2025-11-26,26,3,Tienda
2048,2025-11-26,24,5,Mayorista
2049,2025-11-26,29,6,Online
2050,2025-11-26,10,2,Tienda
2051,2025-11-26,26,7,Tienda
2052,2025-11-26,12,2,Tienda
2053,2025-11-26,16,5,Tienda
2054,2025-11-26,14,7,Tienda
2055,2025-11-26,1,3,Tienda
2056,2025-11-26,17,3,Mayorista
2057,2025-11-26,24,2,Mayorista
2058,2025-11-26,6,7,Tienda
2059,2025-11-26,29,5,Online
2060,2025-11-26,16,3,Tienda
2061,2025-11-26,7,7,Tienda
2062,2025-11-26,20,5,Tienda
2063,2025-11-26,7,4,Tienda
2064,2025-11-26,3,7,Mayorista
2065,2025-11-26,21,3,Tienda
2066,2025-11-27,16,3,Tienda
2067,2025-11-27,4,5,Tienda
2068,2025-11-27,20,4,Tienda
2069,2025-11-27,27,4,Tienda
2070,2025-11-27,12,5,Mayorista
2071,2025-11-27,6,7,Tienda
2072,2025-11-27,13,3,Mayorista
2073,2025-11-27,25,7,Tienda
2074,2025-11-27,18,6,Mayorista
2075,2025-11-27,4,6,Tienda
2076,2025-11-27,16,4,Mayorista
2077,2025-11-27,15,3,Tienda
2078,2025-11-27,11,6,Tienda
2079,2025-11-27,4,4,Tienda
2080,2025-11-27,30,3,Mayorista
2081,2025-11-27,6,5,Tienda
2082,2025-11-27,7,4,Tienda
2083,2025-11-27,6,1,Tienda
2084,2025-11-28,11,4,Tienda
2085,2025-11-28,3,1,Mayorista
2086,2025-11-28,12,1,Online
2087,2025-11-28,6,2,Online
2088,2025-11-28,20,6,Online
2089,2025-11-28,27,4,Tienda
2090,2025-11-28,11,3,Online
2091,2025-11-28,11,6,Mayorista
2092,2025-11-28,21,6,Tienda
2093,2025-11-28,6,1,Tienda
2094,2025-11-28,28,3,Tienda
2095,2025-11-28,12,3,Online
2096,2025-11-28,4,3,Tienda
2097,2025-11-28,6,5,Tienda
2098,2025-11-28,29,1,Online
2099,2025-11-28,10,5,Tienda
2100,2025-11-28,20,7,Tienda
2101,2025-11-28,6,4,Tienda
2102,2025-11-28,7,4,Tienda
2103,2025-11-28,27,3,Mayorista
2104,2025-11-28,6,7,Tienda
2105,2025-11-28,2,4,Tienda
2106,2025-11-28,15,4,Tienda
2107,2025-11-28,27,4,Online
2108,2025-11-29,20,4,Tienda
2109,2025-11-29,9,2,Tienda
2110,2025-11-29,14,4,Online
2111,2025-11-29,26,5,Tienda
2112,2025-11-29,19,6,Online
2113,2025-11-29,3,6,Tienda
2114,2025-11-29,14,2,Tienda
2115,2025-11-29,11,7,Tienda
2116,2025-11-29,20,4,Mayorista
2117,2025-11-29,20,1,Tienda
2118,2025-11-29,1,4,Tienda
2119,2025-11-29,19,3,Tienda
2120,2025-11-29,23,3,Mayorista
2121,2025-11-29,24,6,Tienda
2122,2025-11-29,3,6,Online
2123,2025-11-29,11,6,Tienda
2124,2025-11-29,14,3,Tienda
2125,2025-11-29,7,1,Tienda
2126,2025-11-29,14,1,Online
2127,2025-11-29,3,7,Mayorista
2128,2025-11-29,4,2,Online
2129,2025-11-29,21,5,Tienda
2130,2025-11-29,10,6,Mayorista
2131,2025-11-29,22,5,Tienda
2132,2025-11-30,6,3,Tienda
2133,2025-11-30,17,1,Mayorista
2134,2025-11-30,24,3,Mayorista
2135,2025-11-30,12,6,Tienda
2136,2025-11-30,27,1,Online
2137,2025-11-30,12,7,Mayorista
2138,2025-11-30,6,4,Online
2139,2025-11-30,18,5,Tienda
2140,2025-11-30,14,1,Mayorista
2141,2025-11-30,1,2,Tienda
2142,2025-11-30,3,7,Tienda
2143,2025-11-30,7,6,Tienda
2144,2025-11-30,24,6,Tienda
2145,2025-11-30,28,5,Online
2146,2025-11-30,16,7,Mayorista
2147,2025-11-30,4,6,Tienda
2148,2025-11-30,16,5,Mayorista
2149,2025-11-30,27,3,Tienda
2150,2025-11-30,24,3,Mayorista
2151,2025-11-30,11,1,Mayorista
2152,2025-11-30,5,5,Tienda
2153,2025-11-30,28,4,Tienda
2154,2025-11-30,27,7,Online
2155,2025-11-30,2,1,Tienda
2156,2025-11-30,26,7,Online
2157,2025-11-30,4,1,Online
2158,2025-11-30,3,5,Mayorista
2159,2025-11-30,24,3,Tienda
2160,2025-12-01,3,5,Online
2161,2025-12-01,19,7,Online
2162,2025-12-01,6,4,Online
2163,2025-12-01,15,3,Tienda
2164,2025-12-01,10,1,Online
2165,2025-12-01,2,1,Tienda
2166,2025-12-01,3,5,Mayorista
2167,2025-12-01,28,4,Tienda
2168,2025-12-01,24,5,Tienda
2169,2025-12-01,29,6,Online
2170,2025-12-01,15,5,Tienda
2171,2025-12-01,14,5,Online
2172,2025-12-01,12,4,Online
2173,2025-12-01,20,6,Tienda
2174,2025-12-01,12,6,Online
2175,2025-12-01,24,6,Tienda
2176,2025-12-01,26,4,Online
2177,2025-12-01,27,4,Tienda
2178,2025-12-01,10,6,Online
2179,2025-12-01,16,2,Tienda
2180,2025-12-01,9,3,Tienda
2181,2025-12-01,2,3,Online
2182,2025-12-01,22,3,Mayorista
2183,2025-12-01,17,4,Tienda
2184,2025-12-01,23,6,Tienda
2185,2025-12-01,3,4,Online
2186,2025-12-01,30,2,Tienda
2187,2025-12-01,30,3,Online
2188,2025-12-01,15,4,Online
2189,2025-12-01,27,7,Tienda
2190,2025-12-01,10,3,Online
2191,2025-12-01,23,5,Tienda
2192,2025-12-01,27,4,Mayorista
2193,2025-12-01,26,7,Tienda
2194,2025-12-02,11,4,Tienda
2195,2025-12-02,10,3,Online
2196,2025-12-02,17,6,Tienda
2197,2025-12-02,15,2,Online
2198,2025-12-02,28,2,Tienda
2199,2025-12-02,29,5,Tienda
2200,2025-12-02,9,1,Tienda
2201,2025-12-02,4,1,Tienda
2202,2025-12-02,25,4,Tienda
2203,2025-12-02,30,1,Tienda
2204,2025-12-02,27,5,Tienda
2205,2025-12-02,2,2,Online
2206,2025-12-02,10,2,Mayorista
2207,2025-12-02,2,3,Tienda
2208,2025-12-02,26,4,Tienda
2209,2025-12-02,18,4,Mayorista
2210,2025-12-02,16,2,Tienda
2211,2025-12-02,17,1,Tienda
2212,2025-12-02,10,7,Tienda
2213,2025-12-02,19,4,Tienda
2214,2025-12-02,2,6,Online
2215,2025-12-02,20,3,Mayorista
2216,2025-12-02,23,1,Tienda
2217,2025-12-02,21,7,Mayorista
2218,2025-12-03,27,1,Online
2219,2025-12-03,20,5,Tienda
2220,2025-12-03,20,5,Online
2221,2025-12-03,11,7,Tienda
2222,2025-12-03,5,1,Tienda
2223,2025-12-03,30,4,Tienda
2224,2025-12-03,4,5,Online
2225,2025-12-03,16,7,Tienda
2226,2025-12-03,10,3,Tienda
2227,2025-12-03,10,6,Tienda
2228,2025-12-03,18,1,Online
2229,2025-12-03,26,6,Tienda
2230,2025-12-03,25,4,Online
2231,2025-12-03,27,3,Tienda
2232,2025-12-03,11,3,Tienda
2233,2025-12-03,15,7,Tienda
2234,2025-12-03,1,4,Online
2235,2025-12-03,24,2,Online
2236,2025-12-03,11,2,Tienda
2237,2025-12-03,17,3,Online
2238,2025-12-03,6,5,Tienda
2239,2025-12-03,26,3,Tienda
2240,2025-12-03,26,1,Mayorista
2241,2025-12-03,27,2,Tienda
2242,2025-12-03,2,7,Online
2243,2025-12-03,30,3,Tienda
2244,2025-12-03,10,3,Online
2245,2025-12-03,11,7,Tienda
2246,2025-12-03,10,4,Mayorista
2247,2025-12-03,10,5,Online
2248,2025-12-03,17,3,Tienda
2249,2025-12-03,10,4,Tienda
2250,2025-12-03,13,1,Mayorista
2251,2025-12-03,20,7,Tienda
2252,2025-12-03,26,4,Online
2253,2025-12-04,18,6,Mayorista
2254,2025-12-04,26,1,Tienda
2255,2025-12-04,27,3,Tienda
2256,2025-12-04,26,3,Tienda
2257,2025-12-04,14,2,Mayorista
2258,2025-12-04,5,1,Mayorista
2259,2025-12-04,17,4,Tienda
2260,2025-12-04,6,7,Tienda
2261,2025-12-04,3,6,Tienda
2262,2025-12-04,15,3,Tienda
2263,2025-12-04,20,6,Mayorista
2264,2025-12-04,27,6,Tienda
2265,2025-12-04,25,4,Tienda
2266,2025-12-04,27,3,Tienda
2267,2025-12-04,24,3,Tienda
2268,2025-12-04,22,2,Tienda
2269,2025-12-04,1,2,Mayorista
2270,2025-12-04,20,4,Tienda
2271,2025-12-04,5,2,Tienda
2272,2025-12-04,3,1,Tienda
2273,2025-12-04,6,5,Online
2274,2025-12-04,26,4,Mayorista
2275,2025-12-04,24,6,Tienda
2276,2025-12-04,29,5,Tienda
2277,2025-12-04,30,7,Tienda
2278,2025-12-04,28,3,Mayorista
2279,2025-12-04,5,3,Tienda
2280,2025-12-04,27,4,Tienda
2281,2025-12-04,26,5,Mayorista
2282,2025-12-04,27,1,Tienda
2283,2025-12-04,6,3,Tienda
2284,2025-12-05,20,1,Tienda
2285,2025-12-05,12,4,Mayorista
2286,2025-12-05,3,2,Tienda
2287,2025-12-05,27,1,Tienda
2288,2025-12-05,7,6,Tienda
2289,2025-12-05,2,4,Tienda
2290,2025-12-05,17,7,Tienda
2291,2025-12-05,3,4,Online
2292,2025-12-05,4,3,Tienda
2293,2025-12-05,26,7,Tienda
2294,2025-12-05,15,1,Tienda
2295,2025-12-05,10,7,Tienda
2296,2025-12-05,12,1,Tienda
2297,2025-12-05,23,1,Online
2298,2025-12-05,3,3,Online
2299,2025-12-05,5,3,Tienda
2300,2025-12-05,20,2,Tienda
2301,2025-12-05,19,2,Tienda
2302,2025-12-05,30,7,Tienda
2303,2025-12-05,12,2,Tienda
2304,2025-12-05,3,4,Tienda
2305,2025-12-05,16,6,Online
2306,2025-12-05,20,1,Tienda
2307,2025-12-05,6,5,Online
2308,2025-12-05,17,5,Tienda
2309,2025-12-05,7,6,Online
2310,2025-12-05,27,7,Online
2311,2025-12-05,26,3,Tienda
2312,2025-12-05,14,6,Tienda
2313,2025-12-05,30,6,Tienda
2314,2025-12-05,30,3,Tienda
2315,2025-12-05,5,4,Tienda
2316,2025-12-05,12,1,Mayorista
2317,2025-12-05,18,2,Tienda
2318,2025-12-05,3,5,Tienda
2319,2025-12-06,20,4,Tienda
2320,2025-12-06,19,2,Online
2321,2025-12-06,15,3,Tienda
2322,2025-12-06,12,3,Tienda
2323,2025-12-06,22,2,Tienda
2324,2025-12-06,30,6,Online
2325,2025-12-06,14,3,Tienda
2326,2025-12-06,13,3,Tienda
2327,2025-12-06,14,2,Tienda
2328,2025-12-06,14,2,Online
2329,2025-12-06,30,3,Tienda
2330,2025-12-06,22,2,Tienda
2331,2025-12-06,12,7,Tienda
2332,2025-12-06,12,2,Tienda
2333,2025-12-06,14,4,Tienda
2334,2025-12-06,2,4,Tienda
2335,2025-12-06,16,2,Tienda
2336,2025-12-06,26,3,Tienda
2337,2025-12-06,20,4,Tienda
2338,2025-12-06,7,7,Online
2339,2025-12-06,23,6,Tienda
2340,2025-12-06,23,2,Tienda
2341,2025-12-06,10,5,Online
2342,2025-12-06,20,3,Mayorista
2343,2025-12-06,19,4,Online
2344,2025-12-06,26,4,Tienda
2345,2025-12-06,5,3,Online
2346,2025-12-06,7,1,Tienda
2347,2025-12-06,15,4,Mayorista
2348,2025-12-06,2,1,Mayorista
2349,2025-12-06,14,3,Tienda
2350,2025-12-06,25,5,Mayorista
2351,2025-12-06,6,2,Tienda
2352,2025-12-06,15,2,Tienda
2353,2025-12-06,30,3,Mayorista
2354,2025-12-06,16,7,Online
2355,2025-12-06,15,6,Tienda
2356,2025-12-06,17,1,Tienda
2357,2025-12-07,2,1,Online
2358,2025-12-07,22,3,Tienda
2359,2025-12-07,14,3,Mayorista
2360,2025-12-07,26,6,Tienda
2361,2025-12-07,3,1,Tienda
2362,2025-12-07,26,5,Tienda
2363,2025-12-07,2,3,Tienda
2364,2025-12-07,2,5,Tienda
2365,2025-12-07,15,7,Tienda
2366,2025-12-07,9,2,Mayorista
2367,2025-12-07,18,2,Tienda
2368,2025-12-07,2,1,Tienda
2369,2025-12-07,2,6,Tienda
2370,2025-12-07,23,6,Tienda
2371,2025-12-07,8,1,Tienda
2372,2025-12-07,20,2,Mayorista
2373,2025-12-07,24,2,Tienda
2374,2025-12-07,3,4,Online
2375,2025-12-07,24,7,Tienda
2376,2025-12-07,10,3,Tienda
2377,2025-12-07,13,4,Online
2378,2025-12-07,3,2,Mayorista
2379,2025-12-07,26,7,Mayorista
2380,2025-12-07,17,7,Tienda
2381,2025-12-07,15,3,Online
2382,2025-12-07,30,2,Mayorista
2383,2025-12-07,11,3,Tienda
2384,2025-12-07,28,6,Online
2385,2025-12-07,23,7,Mayorista
2386,2025-12-07,28,6,Online
2387,2025-12-07,28,3,Tienda
2388,2025-12-07,30,4,Tienda
2389,2025-12-07,5,3,Mayorista
2390,2025-12-07,26,3,Tienda
2391,2025-12-07,26,6,Tienda
2392,2025-12-07,20,4,Online
2393,2025-12-07,10,7,Tienda
2394,2025-12-07,30,4,Mayorista
2395,2025-12-07,8,7,Tienda
2396,2025-12-07,15,3,Tienda
2397,2025-12-07,16,3,Online
2398,2025-12-07,6,4,Mayorista
2399,2025-12-07,23,2,Mayorista
2400,2025-12-07,4,1,Online
2401,2025-12-07,21,6,Tienda
2402,2025-12-07,27,2,Tienda
2403,2025-12-08,15,1,Tienda
2404,2025-12-08,22,4,Mayorista
2405,2025-12-08,27,5,Tienda
2406,2025-12-08,20,5,Tienda
2407,2025-12-08,24,5,Online
2408,2025-12-08,6,5,Tienda
2409,2025-12-08,27,7,Tienda
2410,2025-12-08,10,1,Tienda
2411,2025-12-08,5,1,Tienda
2412,2025-12-08,30,4,Tienda
2413,2025-12-08,7,5,Tienda
2414,2025-12-08,5,4,Mayorista
2415,2025-12-08,20,4,Tienda
2416,2025-12-08,11,5,Tienda
2417,2025-12-08,5,7,Mayorista
2418,2025-12-08,19,3,Tienda
2419,2025-12-08,24,6,Mayorista
2420,2025-12-08,26,4,Mayorista
2421,2025-12-08,6,6,Tienda
2422,2025-12-08,17,6,Tienda
2423,2025-12-08,26,2,Tienda
2424,2025-12-08,6,5,Online
2425,2025-12-08,8,3,Tienda
2426,2025-12-08,1,6,Tienda
2427,2025-12-08,16,7,Tienda
2428,2025-12-08,7,4,Online
2429,2025-12-08,23,7,Tienda
2430,2025-12-08,30,6,Online
2431,2025-12-08,8,6,Online
2432,2025-12-08,20,4,Tienda
2433,2025-12-08,8,2,Online
2434,2025-12-08,2,6,Tienda
2435,2025-12-08,24,1,Mayorista
2436,2025-12-08,14,4,Tienda
2437,2025-12-08,29,7,Mayorista
2438,2025-12-08,16,6,Mayorista
2439,2025-12-08,6,6,Tienda
2440,2025-12-09,25,3,Tienda
2441,2025-12-09,14,2,Mayorista
2442,2025-12-09,10,5,Tienda
2443,2025-12-09,12,2,Mayorista
2444,2025-12-09,24,5,Online
2445,2025-12-09,15,2,Mayorista
2446,2025-12-09,27,1,Tienda
2447,2025-12-09,23,5,Tienda
2448,2025-12-09,30,5,Online
2449,2025-12-09,28,1,Tienda
2450,2025-12-09,10,2,Online
2451,2025-12-09,20,2,Tienda
2452,2025-12-09,2,2,Online
2453,2025-12-09,30,7,Tienda
2454,2025-12-09,10,5,Tienda
2455,2025-12-09,20,1,Tienda
2456,2025-12-09,27,7,Tienda
2457,2025-12-09,6,7,Tienda
2458,2025-12-09,27,2,Mayorista
2459,2025-12-09,1,2,Tienda
2460,2025-12-09,14,3,Tienda
2461,2025-12-09,15,2,Tienda
2462,2025-12-10,6,1,Tienda
2463,2025-12-10,5,6,Tienda
2464,2025-12-10,18,2,Mayorista
2465,2025-12-10,16,5,Mayorista
2466,2025-12-10,24,2,Tienda
2467,2025-12-10,28,1,Tienda
2468,2025-12-10,10,4,Tienda
2469,2025-12-10,28,4,Tienda
2470,2025-12-10,16,7,Online
2471,2025-12-10,10,6,Tienda
2472,2025-12-10,27,5,Tienda
2473,2025-12-10,2,6,Online
2474,2025-12-10,17,7,Tienda
2475,2025-12-10,23,7,Tienda
2476,2025-12-10,10,5,Tienda
2477,2025-12-10,27,2,Tienda
2478,2025-12-10,10,5,Online
2479,2025-12-10,26,3,Mayorista
2480,2025-12-11,24,7,Mayorista
2481,2025-12-11,7,7,Tienda
2482,2025-12-11,15,2,Online
2483,2025-12-11,10,3,Tienda
2484,2025-12-11,1,2,Tienda
2485,2025-12-11,30,5,Mayorista
2486,2025-12-11,27,1,Online
2487,2025-12-11,16,4,Tienda
2488,2025-12-11,10,5,Online
2489,2025-12-11,21,5,Tienda
2490,2025-12-11,14,5,Mayorista
2491,2025-12-11,26,5,Online
2492,2025-12-11,30,5,Tienda
2493,2025-12-11,12,4,Online
2494,2025-12-11,10,1,Online
2495,2025-12-11,10,1,Tienda
2496,2025-12-11,4,3,Online
2497,2025-12-11,13,5,Tienda
2498,2025-12-11,2,2,Online
2499,2025-12-11,4,1,Tienda
2500,2025-12-11,10,1,Tienda
2501,2025-12-11,6,7,Tienda
2502,2025-12-11,23,7,Online
2503,2025-12-11,4,5,Online
2504,2025-12-11,27,7,Tienda
2505,2025-12-11,9,3,Tienda
2506,2025-12-11,4,4,Tienda
2507,2025-12-11,1,6,Online
2508,2025-12-11,23,7,Tienda
2509,2025-12-11,10,3,Mayorista
2510,2025-12-11,16,3,Tienda
2511,2025-12-11,4,6,Tienda
2512,2025-12-11,30,6,Online
2513,2025-12-11,5,6,Tienda
2514,2025-12-11,14,6,Tienda
2515,2025-12-12,11,4,Tienda
2516,2025-12-12,16,4,Tienda
2517,2025-12-12,14,2,Mayorista
2518,2025-12-12,21,2,Tienda
2519,2025-12-12,5,1,Online
2520,2025-12-12,14,5,Mayorista
2521,2025-12-12,28,5,Mayorista
2522,2025-12-12,2,6,Online
2523,2025-12-12,14,3,Tienda
2524,2025-12-12,20,4,Tienda
2525,2025-12-12,28,3,Tienda
2526,2025-12-12,18,3,Tienda
2527,2025-12-12,26,1,Tienda
2528,2025-12-12,9,3,Tienda
2529,2025-12-12,12,2,Tienda
2530,2025-12-12,29,6,Online
2531,2025-12-12,27,4,Mayorista
2532,2025-12-12,17,4,Online
2533,2025-12-12,15,4,Mayorista
2534,2025-12-12,14,1,Tienda
2535,2025-12-12,3,7,Online
2536,2025-12-12,28,5,Tienda
2537,2025-12-12,26,3,Tienda
2538,2025-12-12,14,5,Tienda
2539,2025-12-12,10,6,Tienda
2540,2025-12-12,12,1,Tienda
2541,2025-12-12,5,3,Tienda
2542,2025-12-12,23,5,Tienda
2543,2025-12-12,17,1,Tienda
2544,2025-12-12,10,5,Tienda
2545,2025-12-12,20,1,Mayorista
2546,2025-12-12,30,6,Tienda
2547,2025-12-12,5,6,Online
2548,2025-12-12,15,1,Mayorista
2549,2025-12-12,15,2,Tienda
2550,2025-12-12,6,3,Tienda
2551,2025-12-13,21,3,Tienda
2552,2025-12-13,11,4,Mayorista
2553,2025-12-13,20,2,Tienda
2554,2025-12-13,26,6,Mayorista
2555,2025-12-13,15,5,Online
2556,2025-12-13,26,3,Tienda
2557,2025-12-13,13,5,Tienda
2558,2025-12-13,12,3,Tienda
2559,2025-12-13,18,6,Tienda
2560,2025-12-13,15,4,Online
2561,2025-12-13,30,5,Tienda
2562,2025-12-13,16,2,Mayorista
2563,2025-12-13,13,3,Mayorista
2564,2025-12-13,13,5,Tienda
2565,2025-12-13,16,4,Tienda
2566,2025-12-13,12,1,Tienda
2567,2025-12-13,23,6,Mayorista
2568,2025-12-13,12,1,Tienda
2569,2025-12-13,13,1,Tienda
2570,2025-12-13,20,6,Tienda
2571,2025-12-13,3,1,Mayorista
2572,2025-12-13,20,2,Tienda
2573,2025-12-13,15,7,Tienda
2574,2025-12-13,14,2,Online
2575,2025-12-13,23,3,Mayorista
2576,2025-12-13,24,7,Online
2577,2025-12-13,27,4,Online
2578,2025-12-13,12,7,Tienda
2579,2025-12-13,11,2,Tienda
2580,2025-12-13,22,5,Tienda
2581,2025-12-13,18,1,Tienda
2582,2025-12-13,20,3,Mayorista
2583,2025-12-13,17,3,Tienda
2584,2025-12-13,24,7,Online
2585,2025-12-13,7,4,Tienda
2586,2025-12-13,17,3,Tienda
2587,2025-12-13,6,6,Tienda
2588,2025-12-13,14,2,Tienda
2589,2025-12-13,20,2,Tienda
2590,2025-12-14,11,1,Online
2591,2025-12-14,16,2,Online
2592,2025-12-14,12,5,Online
2593,2025-12-14,16,1,Mayorista
2594,2025-12-14,2,6,Tienda
2595,2025-12-14,20,1,Tienda
2596,2025-12-14,17,5,Tienda
2597,2025-12-14,21,5,Online
2598,2025-12-14,17,6,Tienda
2599,2025-12-14,14,4,Tienda
2600,2025-12-14,12,4,Tienda
2601,2025-12-14,9,3,Mayorista
2602,2025-12-14,15,2,Tienda
2603,2025-12-14,2,1,Tienda
2604,2025-12-14,11,7,Online
2605,2025-12-14,21,7,Online
2606,2025-12-14,4,5,Online
2607,2025-12-14,3,1,Mayorista
2608,2025-12-14,20,5,Tienda
2609,2025-12-14,13,5,Tienda
2610,2025-12-14,26,1,Online
2611,2025-12-14,29,7,Tienda
2612,2025-12-14,29,4,Tienda
2613,2025-12-14,14,7,Online
2614,2025-12-14,10,3,Online
2615,2025-12-14,19,7,Online
2616,2025-12-14,20,6,Mayorista
2617,2025-12-14,20,7,Mayorista
2618,2025-12-14,11,5,Tienda
2619,2025-12-14,3,7,Online
2620,2025-12-14,8,5,Tienda
2621,2025-12-14,6,2,Tienda
2622,2025-12-14,5,3,Tienda
2623,2025-12-14,28,2,Tienda
2624,2025-12-14,1,7,Tienda
2625,2025-12-14,19,6,Tienda
2626,2025-12-14,29,5,Tienda
2627,2025-12-14,12,7,Tienda
2628,2025-12-14,16,4,Tienda
2629,2025-12-14,21,4,Tienda
2630,2025-12-14,11,5,Online
2631,2025-12-14,15,7,Tienda
2632,2025-12-14,26,3,Mayorista
2633,2025-12-14,24,3,Tienda
2634,2025-12-14,26,4,Mayorista
2635,2025-12-14,30,7,Online
2636,2025-12-14,12,2,Online
2637,2025-12-15,11,4,Mayorista
2638,2025-12-15,20,1,Tienda
2639,2025-12-15,18,3,Tienda
2640,2025-12-15,2,6,Mayorista
2641,2025-12-15,1,4,Tienda
2642,2025-12-15,2,3,Tienda
2643,2025-12-15,5,1,Mayorista
2644,2025-12-15,10,4,Mayorista
2645,2025-12-15,28,6,Tienda
2646,2025-12-15,16,3,Tienda
2647,2025-12-15,26,2,Tienda
2648,2025-12-15,26,4,Tienda
2649,2025-12-15,23,5,Mayorista
2650,2025-12-15,13,5,Tienda
2651,2025-12-15,27,5,Tienda
2652,2025-12-15,24,2,Tienda
2653,2025-12-15,24,4,Online
2654,2025-12-15,28,2,Tienda
2655,2025-12-15,18,6,Mayorista
2656,2025-12-15,16,6,Mayorista
2657,2025-12-15,28,1,Tienda
2658,2025-12-15,14,5,Tienda
2659,2025-12-15,26,4,Mayorista
2660,2025-12-15,2,2,Mayorista
2661,2025-12-15,1,2,Tienda
2662,2025-12-15,16,3,Tienda
2663,2025-12-16,14,3,Mayorista
2664,2025-12-16,5,1,Online
2665,2025-12-16,13,2,Online
2666,2025-12-16,27,6,Tienda
2667,2025-12-16,6,7,Online
2668,2025-12-16,18,5,Online
2669,2025-12-16,14,2,Tienda
2670,2025-12-16,6,2,Tienda
2671,2025-12-16,1,3,Tienda
2672,2025-12-16,10,4,Mayorista
2673,2025-12-16,3,4,Online
2674,2025-12-16,12,6,Tienda
2675,2025-12-16,26,5,Tienda
2676,2025-12-16,23,4,Tienda
2677,2025-12-16,29,6,Tienda
2678,2025-12-16,14,1,Tienda
2679,2025-12-16,22,6,Tienda
2680,2025-12-16,20,5,Tienda
2681,2025-12-16,9,3,Online
2682,2025-12-16,11,1,Tienda
2683,2025-12-16,16,2,Tienda
2684,2025-12-16,26,3,Mayorista
2685,2025-12-16,15,4,Online
2686,2025-12-16,9,5,Tienda
2687,2025-12-16,30,6,Mayorista
2688,2025-12-17,10,6,Tienda
2689,2025-12-17,20,3,Online
2690,2025-12-17,13,6,Tienda
2691,2025-12-17,1,2,Online
2692,2025-12-17,29,4,Mayorista
2693,2025-12-17,27,6,Online
2694,2025-12-17,11,5,Online
2695,2025-12-17,30,3,Mayorista
2696,2025-12-17,11,6,Tienda
2697,2025-12-17,15,1,Tienda
2698,2025-12-17,27,2,Tienda
2699,2025-12-17,11,2,Online
2700,2025-12-17,14,4,Mayorista
2701,2025-12-17,20,1,Online
2702,2025-12-17,5,3,Tienda
2703,2025-12-17,14,4,Tienda
2704,2025-12-17,11,4,Tienda
2705,2025-12-17,21,2,Online
2706,2025-12-17,5,4,Online
2707,2025-12-17,10,6,Tienda
2708,2025-12-17,22,3,Tienda
2709,2025-12-17,6,7,Mayorista
2710,2025-12-17,14,7,Tienda
2711,2025-12-17,22,4,Tienda
2712,2025-12-17,24,2,Online
2713,2025-12-17,4,3,Tienda
2714,2025-12-17,27,3,Tienda
2715,2025-12-17,23,7,Tienda
2716,2025-12-18,16,2,Tienda
2717,2025-12-18,10,4,Tienda
2718,2025-12-18,17,6,Online
2719,2025-12-18,15,7,Tienda
2720,2025-12-18,26,6,Tienda
2721,2025-12-18,29,2,Tienda
2722,2025-12-18,5,2,Tienda
2723,2025-12-18,27,6,Online
2724,2025-12-18,22,1,Tienda
2725,2025-12-18,21,6,Tienda
2726,2025-12-18,12,1,Tienda
2727,2025-12-18,12,6,Tienda
2728,2025-12-18,1,7,Tienda
2729,2025-12-18,30,6,Tienda
2730,2025-12-18,19,2,Tienda
2731,2025-12-18,14,5,Tienda
2732,2025-12-18,16,6,Online
2733,2025-12-18,2,6,Mayorista
2734,2025-12-18,6,4,Tienda
2735,2025-12-18,20,1,Online
2736,2025-12-18,16,3,Mayorista
2737,2025-12-18,25,1,Mayorista
2738,2025-12-18,20,4,Mayorista
2739,2025-12-19,19,7,Online
2740,2025-12-19,16,2,Online
2741,2025-12-19,16,1,Online
2742,2025-12-19,27,3,Tienda
2743,2025-12-19,19,4,Online
2744,2025-12-19,16,6,Tienda
2745,2025-12-19,2,6,Tienda
2746,2025-12-19,14,2,Mayorista
2747,2025-12-19,28,2,Online
2748,2025-12-19,22,7,Tienda
2749,2025-12-19,2,3,Tienda
2750,2025-12-19,27,5,Tienda
2751,2025-12-19,26,2,Mayorista
2752,2025-12-19,16,2,Tienda
2753,2025-12-19,2,4,Mayorista
2754,2025-12-19,17,5,Online
2755,2025-12-19,2,1,Mayorista
2756,2025-12-19,11,1,Online
2757,2025-12-19,20,2,Online
2758,2025-12-19,28,4,Mayorista
2759,2025-12-19,12,7,Tienda
2760,2025-12-19,27,4,Tienda
2761,2025-12-19,28,1,Online
2762,2025-12-19,2,1,Tienda
2763,2025-12-20,10,1,Tienda
2764,2025-12-20,14,3,Tienda
2765,2025-12-20,20,3,Tienda
2766,2025-12-20,11,1,Tienda
2767,2025-12-20,6,5,Tienda
2768,2025-12-20,27,7,Tienda
2769,2025-12-20,30,7,Online
2770,2025-12-20,15,3,Tienda
2771,2025-12-20,11,1,Online
2772,2025-12-20,2,2,Tienda
2773,2025-12-20,2,6,Mayorista
2774,2025-12-20,13,6,Mayorista
2775,2025-12-20,28,3,Tienda
2776,2025-12-20,23,2,Tienda
2777,2025-12-20,12,6,Mayorista
2778,2025-12-20,30,6,Mayorista
2779,2025-12-20,14,4,Mayorista
2780,2025-12-20,10,3,Tienda
2781,2025-12-20,14,1,Tienda
2782,2025-12-20,8,6,Tienda
2783,2025-12-20,27,1,Mayorista
2784,2025-12-20,12,1,Tienda
2785,2025-12-20,20,3,Tienda
2786,2025-12-20,13,3,Tienda
2787,2025-12-20,28,5,Tienda
2788,2025-12-20,20,7,Tienda
2789,2025-12-20,15,2,Tienda
2790,2025-12-20,5,6,Tienda
2791,2025-12-20,28,4,Tienda
2792,2025-12-20,16,1,Tienda
2793,2025-12-20,11,2,Tienda
2794,2025-12-20,27,1,Online
2795,2025-12-20,2,7,Mayorista
2796,2025-12-20,11,6,Tienda
2797,2025-12-20,16,5,Mayorista
2798,2025-12-21,10,3,Tienda
2799,2025-12-21,11,6,Online
2800,2025-12-21,16,1,Online
2801,2025-12-21,16,3,Tienda
2802,2025-12-21,1,3,Tienda
2803,2025-12-21,29,4,Tienda
2804,2025-12-21,17,2,Tienda
2805,2025-12-21,18,1,Mayorista
2806,2025-12-21,8,5,Tienda
2807,2025-12-21,24,4,Online
2808,2025-12-21,23,6,Tienda
2809,2025-12-21,4,3,Tienda
2810,2025-12-21,18,5,Tienda
2811,2025-12-21,20,6,Mayorista
2812,2025-12-21,26,1,Mayorista
2813,2025-12-21,8,3,Tienda
2814,2025-12-21,27,1,Tienda
2815,2025-12-21,15,7,Tienda
2816,2025-12-21,4,6,Tienda
2817,2025-12-21,4,7,Tienda
2818,2025-12-21,7,6,Tienda
2819,2025-12-21,10,3,Tienda
2820,2025-12-21,15,3,Tienda
2821,2025-12-21,24,4,Tienda
2822,2025-12-21,7,2,Mayorista
2823,2025-12-21,30,4,Mayorista
2824,2025-12-21,6,4,Tienda
2825,2025-12-21,18,2,Tienda
2826,2025-12-21,28,6,Online
2827,2025-12-21,26,3,Tienda
2828,2025-12-21,20,2,Tienda
2829,2025-12-21,23,1,Mayorista
2830,2025-12-21,5,1,Mayorista
2831,2025-12-21,1,2,Tienda
2832,2025-12-21,14,6,Mayorista
2833,2025-12-21,4,5,Tienda
2834,2025-12-21,12,6,Tienda
2835,2025-12-21,9,4,Tienda
2836,2025-12-21,28,5,Tienda
2837,2025-12-21,27,4,Tienda
2838,2025-12-21,26,6,Tienda
2839,2025-12-21,22,7,Online
2840,2025-12-22,19,4,Online
2841,2025-12-22,16,2,Tienda
2842,2025-12-22,3,7,Tienda
2843,2025-12-22,22,4,Tienda
2844,2025-12-22,23,4,Tienda
2845,2025-12-22,16,5,Mayorista
2846,2025-12-22,27,1,Online
2847,2025-12-22,21,5,Tienda
2848,2025-12-22,12,3,Online
2849,2025-12-22,2,7,Tienda
2850,2025-12-22,3,7,Tienda
2851,2025-12-22,12,5,Mayorista
2852,2025-12-22,15,6,Mayorista
2853,2025-12-22,6,1,Tienda
2854,2025-12-22,7,3,Tienda
2855,2025-12-22,10,1,Mayorista
2856,2025-12-22,25,3,Tienda
2857,2025-12-22,24,5,Mayorista
2858,2025-12-22,13,5,Mayorista
2859,2025-12-22,6,1,Mayorista
2860,2025-12-22,4,5,Tienda
2861,2025-12-22,3,2,Tienda
2862,2025-12-22,13,3,Mayorista
2863,2025-12-22,2,4,Tienda
2864,2025-12-22,11,7,Tienda
2865,2025-12-22,30,6,Tienda
2866,2025-12-22,16,3,Mayorista
2867,2025-12-22,26,4,Online
2868,2025-12-22,5,2,Tienda
2869,2025-12-22,10,7,Tienda
2870,2025-12-22,29,3,Mayorista
2871,2025-12-22,13,6,Tienda
2872,2025-12-23,26,5,Tienda
2873,2025-12-23,26,3,Tienda
2874,2025-12-23,20,6,Tienda
2875,2025-12-23,28,7,Tienda
2876,2025-12-23,11,3,Mayorista
2877,2025-12-23,22,4,Tienda
2878,2025-12-23,14,7,Mayorista
2879,2025-12-23,18,4,Online
2880,2025-12-23,30,4,Mayorista
2881,2025-12-23,30,5,Tienda
2882,2025-12-23,16,5,Tienda
2883,2025-12-23,17,5,Mayorista
2884,2025-12-23,28,4,Tienda
2885,2025-12-23,30,4,Tienda
2886,2025-12-23,25,3,Mayorista
2887,2025-12-23,3,1,Online
2888,2025-12-23,11,3,Online
2889,2025-12-23,28,1,Tienda
2890,2025-12-23,24,2,Tienda
2891,2025-12-23,24,7,Online
2892,2025-12-23,21,3,Online
2893,2025-12-23,14,6,Tienda
2894,2025-12-23,14,2,Tienda
2895,2025-12-23,26,4,Online
2896,2025-12-23,11,2,Online
2897,2025-12-23,21,7,Tienda
2898,2025-12-23,23,6,Tienda
2899,2025-12-23,27,6,Mayorista
2900,2025-12-24,24,3,Tienda
2901,2025-12-24,12,1,Tienda
2902,2025-12-24,20,1,Tienda
2903,2025-12-24,16,7,Tienda
2904,2025-12-24,30,2,Tienda
2905,2025-12-24,6,3,Mayorista
2906,2025-12-24,29,3,Tienda
2907,2025-12-24,13,2,Tienda
2908,2025-12-24,15,5,Tienda
2909,2025-12-24,16,7,Online
2910,2025-12-24,10,4,Tienda
2911,2025-12-24,30,6,Tienda
2912,2025-12-24,28,4,Tienda
2913,2025-12-24,30,5,Online
2914,2025-12-24,30,3,Tienda
2915,2025-12-24,21,3,Tienda
2916,2025-12-24,14,6,Tienda
2917,2025-12-24,27,2,Tienda
2918,2025-12-24,2,2,Tienda
2919,2025-12-24,26,2,Online
2920,2025-12-24,15,6,Tienda
2921,2025-12-24,21,3,Mayorista
2922,2025-12-24,12,2,Tienda
2923,2025-12-25,13,5,Tienda
2924,2025-12-25,5,6,Mayorista
2925,2025-12-25,10,5,Tienda
2926,2025-12-25,18,1,Tienda
2927,2025-12-25,6,4,Tienda
2928,2025-12-25,20,4,Mayorista
2929,2025-12-25,14,6,Tienda
2930,2025-12-25,11,2,Online
2931,2025-12-25,10,3,Online
2932,2025-12-25,26,1,Tienda
2933,2025-12-25,13,2,Online
2934,2025-12-25,24,7,Tienda
2935,2025-12-25,14,2,Tienda
2936,2025-12-25,4,1,Mayorista
2937,2025-12-25,14,3,Tienda
2938,2025-12-25,16,5,Tienda
2939,2025-12-25,14,3,Tienda
2940,2025-12-25,26,7,Online
2941,2025-12-25,28,1,Tienda
2942,2025-12-25,25,6,Tienda
2943,2025-12-25,18,7,Tienda
2944,2025-12-25,16,2,Mayorista
2945,2025-12-25,20,4,Mayorista
2946,2025-12-25,11,5,Tienda
2947,2025-12-25,26,7,Online
2948,2025-12-25,27,2,Tienda
2949,2025-12-25,10,6,Tienda
2950,2025-12-25,28,2,Online
2951,2025-12-26,27,4,Tienda
2952,2025-12-26,12,5,Online
2953,2025-12-26,10,3,Tienda
2954,2025-12-26,7,5,Tienda
2955,2025-12-26,26,2,Online
2956,2025-12-26,12,6,Tienda
2957,2025-12-26,15,7,Tienda
2958,2025-12-26,9,7,Tienda
2959,2025-12-26,21,4,Tienda
2960,2025-12-26,25,5,Tienda
2961,2025-12-26,12,1,Tienda
2962,2025-12-26,29,4,Tienda
2963,2025-12-26,2,1,Tienda
2964,2025-12-26,5,5,Mayorista
2965,2025-12-26,18,2,Tienda
2966,2025-12-26,22,5,Tienda
2967,2025-12-26,10,6,Tienda
2968,2025-12-26,17,6,Tienda
2969,2025-12-26,11,6,Online
2970,2025-12-26,17,6,Tienda
2971,2025-12-26,20,7,Tienda
2972,2025-12-26,30,1,Tienda
2973,2025-12-26,14,1,Tienda
2974,2025-12-26,20,6,Tienda
2975,2025-12-26,17,7,Tienda
2976,2025-12-26,11,2,Online
2977,2025-12-26,10,7,Tienda
2978,2025-12-26,30,1,Tienda
2979,2025-12-26,8,6,Tienda
2980,2025-12-26,25,1,Tienda
2981,2025-12-26,6,1,Online
2982,2025-12-26,26,5,Mayorista
2983,2025-12-26,7,4,Tienda
2984,2025-12-26,30,7,Tienda
2985,2025-12-27,3,6,Tienda
2986,2025-12-27,12,7,Online
2987,2025-12-27,11,5,Online
2988,2025-12-27,9,3,Tienda
2989,2025-12-27,22,1,Tienda
2990,2025-12-27,20,6,Tienda
2991,2025-12-27,16,6,Tienda
2992,2025-12-27,28,4,Online
2993,2025-12-27,4,6,Tienda
2994,2025-12-27,6,3,Tienda
2995,2025-12-27,13,6,Online
2996,2025-12-27,20,2,Tienda
2997,2025-12-27,18,1,Tienda
2998,2025-12-27,3,2,Tienda
2999,2025-12-27,29,1,Tienda
3000,2025-12-27,11,5,Tienda
3001,2025-12-27,12,1,Tienda
3002,2025-12-27,20,5,Tienda
3003,2025-12-27,29,1,Mayorista
3004,2025-12-27,20,2,Tienda
3005,2025-12-27,29,7,Mayorista
3006,2025-12-27,7,3,Online
3007,2025-12-27,20,5,Mayorista
3008,2025-12-27,26,5,Tienda
3009,2025-12-27,16,5,Online
3010,2025-12-27,12,6,Tienda
3011,2025-12-27,30,3,Tienda
3012,2025-12-27,6,2,Mayorista
3013,2025-12-27,14,5,Tienda
3014,2025-12-27,27,1,Online
3015,2025-12-27,28,7,Tienda
3016,2025-12-27,30,5,Online
3017,2025-12-27,27,5,Mayorista
3018,2025-12-27,2,4,Tienda
3019,2025-12-28,1,3,Online
3020,2025-12-28,25,1,Online
3021,2025-12-28,28,3,Online
3022,2025-12-28,26,4,Mayorista
3023,2025-12-28,29,2,Mayorista
3024,2025-12-28,28,5,Online
3025,2025-12-28,14,1,Tienda
3026,2025-12-28,13,5,Tienda
3027,2025-12-28,28,5,Online
3028,2025-12-28,28,2,Online
3029,2025-12-28,30,3,Online
3030,2025-12-28,24,3,Tienda
3031,2025-12-28,7,5,Mayorista
3032,2025-12-28,29,2,Tienda
3033,2025-12-28,29,4,Tienda
3034,2025-12-28,20,2,Tienda
3035,2025-12-28,27,7,Mayorista
3036,2025-12-28,17,6,Tienda
3037,2025-12-28,29,1,Tienda
3038,2025-12-28,4,5,Tienda
3039,2025-12-28,27,6,Tienda
3040,2025-12-28,2,3,Mayorista
3041,2025-12-28,12,6,Tienda
3042,2025-12-28,5,4,Tienda
3043,2025-12-28,15,2,Tienda
3044,2025-12-28,10,6,Tienda
3045,2025-12-28,29,5,Tienda
3046,2025-12-28,17,6,Mayorista
3047,2025-12-28,28,6,Online
3048,2025-12-28,10,2,Mayorista
3049,2025-12-29,13,5,Tienda
3050,2025-12-29,24,2,Tienda
3051,2025-12-29,28,5,Tienda
3052,2025-12-29,22,5,Online
3053,2025-12-29,29,7,Tienda
3054,2025-12-29,18,7,Tienda
3055,2025-12-29,17,2,Tienda
3056,2025-12-29,11,1,Tienda
3057,2025-12-29,22,1,Mayorista
3058,2025-12-29,27,2,Tienda
3059,2025-12-29,20,1,Tienda
3060,2025-12-29,10,7,Tienda
3061,2025-12-29,16,3,Mayorista
3062,2025-12-29,24,4,Tienda
3063,2025-12-29,29,6,Online
3064,2025-12-29,6,2,Online
3065,2025-12-29,5,2,Tienda
3066,2025-12-29,14,5,Tienda
3067,2025-12-29,5,7,Tienda
3068,2025-12-29,30,6,Tienda
3069,2025-12-29,14,4,Tienda
3070,2025-12-29,16,3,Mayorista
3071,2025-12-29,9,2,Tienda
3072,2025-12-29,14,6,Mayorista
3073,2025-12-29,30,2,Tienda
3074,2025-12-29,15,5,Tienda
3075,2025-12-29,1,3,Tienda
3076,2025-12-29,10,6,Tienda
3077,2025-12-29,30,7,Tienda
3078,2025-12-29,30,5,Mayorista
3079,2025-12-30,22,2,Mayorista
3080,2025-12-30,19,5,Mayorista
3081,2025-12-30,14,5,Tienda
3082,2025-12-30,20,2,Tienda
3083,2025-12-30,28,5,Tienda
3084,2025-12-30,26,3,Tienda
3085,2025-12-30,26,3,Tienda
3086,2025-12-30,10,2,Online
3087,2025-12-30,14,6,Mayorista
3088,2025-12-30,17,5,Tienda
3089,2025-12-30,2,2,Mayorista
3090,2025-12-30,24,3,Online
3091,2025-12-30,11,2,Tienda
3092,2025-12-30,10,5,Tienda
3093,2025-12-30,10,7,Online
3094,2025-12-30,10,7,Tienda
3095,2025-12-30,11,6,Tienda
3096,2025-12-30,19,4,Tienda
3097,2025-12-30,18,7,Tienda
3098,2025-12-30,10,6,Tienda
3099,2025-12-30,8,4,Mayorista
3100,2025-12-30,26,3,Tienda
3101,2025-12-30,4,5,Online
3102,2025-12-30,16,3,Online
3103,2025-12-30,16,2,Mayorista
3104,2025-12-30,17,5,Tienda
3105,2025-12-30,27,5,Mayorista
3106,2025-12-31,8,7,Tienda
3107,2025-12-31,14,1,Online
3108,2025-12-31,7,7,Tienda
3109,2025-12-31,2,4,Mayorista
3110,2025-12-31,30,2,Tienda
3111,2025-12-31,10,7,Tienda
3112,2025-12-31,18,7,Mayorista
3113,2025-12-31,11,3,Online
3114,2025-12-31,12,4,Tienda
3115,2025-12-31,13,7,Mayorista
3116,2025-12-31,11,1,Mayorista
3117,2025-12-31,20,3,Mayorista
3118,2025-12-31,30,3,Tienda
3119,2025-12-31,14,4,Tienda
3120,2025-12-31,30,2,Tienda
3121,2025-12-31,21,1,Tienda
3122,2025-12-31,19,1,Tienda
3123,2025-12-31,10,6,Mayorista
3124,2025-12-31,3,6,Online
3125,2025-12-31,27,6,Online
3126,2025-12-31,17,2,Tienda
3127,2025-12-31,14,5,Tienda
3128,2025-12-31,26,6,Tienda
3129,2025-12-31,11,1,Mayorista
3130,2025-12-31,25,1,Mayorista
3131,2025-12-31,11,7,Mayorista
3132,2025-12-31,28,5,Mayorista
3133,2025-12-31,10,7,Online
3134,2025-12-31,5,2,Tienda
3135,2025-12-31,22,7,Tienda
3136,2026-01-01,14,4,Tienda
3137,2026-01-01,24,1,Online
3138,2026-01-01,28,3,Tienda
3139,2026-01-01,11,7,Tienda
3140,2026-01-01,15,2,Online
3141,2026-01-01,18,6,Online
3142,2026-01-01,13,1,Online
3143,2026-01-01,15,5,Mayorista
3144,2026-01-01,4,3,Mayorista
3145,2026-01-01,6,3,Tienda
3146,2026-01-01,13,3,Tienda
3147,2026-01-01,28,7,Tienda
3148,2026-01-01,12,2,Mayorista
3149,2026-01-01,10,1,Tienda
3150,2026-01-01,24,7,Tienda
3151,2026-01-01,29,7,Tienda
3152,2026-01-01,15,1,Tienda
3153,2026-01-01,1,6,Mayorista
3154,2026-01-01,21,7,Tienda
3155,2026-01-01,14,6,Tienda
3156,2026-01-01,21,5,Online
3157,2026-01-01,10,6,Tienda
3158,2026-01-02,18,4,Tienda
3159,2026-01-02,8,5,Tienda
3160,2026-01-02,21,7,Tienda
3161,2026-01-02,26,3,Mayorista
3162,2026-01-02,4,4,Tienda
3163,2026-01-02,13,3,Tienda
3164,2026-01-02,23,6,Tienda
3165,2026-01-02,6,3,Tienda
3166,2026-01-02,17,3,Tienda
3167,2026-01-02,21,7,Online
3168,2026-01-02,12,3,Tienda
3169,2026-01-02,26,2,Mayorista
3170,2026-01-02,16,6,Tienda
3171,2026-01-02,20,3,Tienda
3172,2026-01-02,6,3,Tienda
3173,2026-01-02,2,2,Tienda
3174,2026-01-02,2,1,Tienda
3175,2026-01-02,28,3,Mayorista
3176,2026-01-02,27,3,Tienda
3177,2026-01-02,26,4,Tienda
3178,2026-01-02,7,4,Online
3179,2026-01-02,16,1,Tienda
3180,2026-01-02,26,4,Online
3181,2026-01-02,21,3,Tienda
3182,2026-01-02,5,1,Tienda
3183,2026-01-02,28,6,Mayorista
3184,2026-01-02,6,6,Online
3185,2026-01-03,18,6,Online
3186,2026-01-03,26,6,Tienda
3187,2026-01-03,29,3,Mayorista
3188,2026-01-03,26,6,Tienda
3189,2026-01-03,7,6,Tienda
3190,2026-01-03,22,6,Tienda
3191,2026-01-03,27,4,Mayorista
3192,2026-01-03,21,3,Tienda
3193,2026-01-03,21,1,Online
3194,2026-01-03,15,4,Tienda
3195,2026-01-03,20,3,Mayorista
3196,2026-01-03,11,6,Tienda
3197,2026-01-03,4,7,Mayorista
3198,2026-01-03,26,2,Tienda
3199,2026-01-03,29,4,Mayorista
3200,2026-01-03,27,1,Mayorista
3201,2026-01-03,11,4,Tienda
3202,2026-01-03,4,5,Mayorista
3203,2026-01-03,10,4,Online
3204,2026-01-03,27,5,Mayorista
3205,2026-01-03,20,2,Tienda
3206,2026-01-03,30,5,Tienda
3207,2026-01-03,12,1,Tienda
3208,2026-01-03,17,4,Tienda
3209,2026-01-03,25,3,Online
3210,2026-01-03,10,4,Tienda
3211,2026-01-03,30,6,Tienda
3212,2026-01-03,18,1,Tienda
3213,2026-01-03,1,4,Tienda
3214,2026-01-03,2,6,Tienda
3215,2026-01-03,27,6,Tienda
3216,2026-01-03,20,6,Tienda
3217,2026-01-04,24,6,Tienda
3218,2026-01-04,26,7,Tienda
3219,2026-01-04,29,1,Mayorista
3220,2026-01-04,3,6,Online
3221,2026-01-04,26,7,Tienda
3222,2026-01-04,22,6,Online
3223,2026-01-04,8,3,Tienda
3224,2026-01-04,29,1,Mayorista
3225,2026-01-04,14,1,Tienda
3226,2026-01-04,28,6,Tienda
3227,2026-01-04,19,2,Tienda
3228,2026-01-04,16,7,Tienda
3229,2026-01-04,6,1,Tienda
3230,2026-01-04,28,2,Tienda
3231,2026-01-04,17,7,Tienda
3232,2026-01-04,1,7,Tienda
3233,2026-01-04,2,7,Tienda
3234,2026-01-04,25,6,Online
3235,2026-01-04,6,6,Tienda
3236,2026-01-04,18,5,Online
3237,2026-01-04,21,2,Online
3238,2026-01-04,10,6,Online
3239,2026-01-04,17,6,Online
3240,2026-01-04,10,2,Online
3241,2026-01-04,29,4,Mayorista
3242,2026-01-04,27,3,Tienda
3243,2026-01-04,11,4,Mayorista
3244,2026-01-04,16,2,Tienda
3245,2026-01-04,15,4,Tienda
3246,2026-01-04,29,3,Mayorista
3247,2026-01-04,13,7,Online
3248,2026-01-04,17,4,Online
3249,2026-01-04,28,3,Mayorista
3250,2026-01-04,6,5,Online
3251,2026-01-04,17,4,Mayorista
3252,2026-01-04,4,3,Tienda
3253,2026-01-04,20,5,Tienda
3254,2026-01-04,12,1,Online
3255,2026-01-05,12,7,Tienda
3256,2026-01-05,16,4,Tienda
3257,2026-01-05,1,3,Online
3258,2026-01-05,27,7,Tienda
3259,2026-01-05,12,7,Online
3260,2026-01-05,6,2,Tienda
3261,2026-01-05,14,7,Tienda
3262,2026-01-05,15,2,Online
3263,2026-01-05,20,5,Tienda
3264,2026-01-05,16,5,Tienda
3265,2026-01-05,2,7,Tienda
3266,2026-01-05,27,5,Online
3267,2026-01-05,14,6,Online
3268,2026-01-05,3,2,Mayorista
3269,2026-01-05,24,2,Tienda
3270,2026-01-05,20,5,Online
3271,2026-01-05,20,5,Tienda
3272,2026-01-05,14,3,Tienda
3273,2026-01-05,14,5,Tienda
3274,2026-01-06,16,7,Mayorista
3275,2026-01-06,1,6,Online
3276,2026-01-06,20,1,Tienda
3277,2026-01-06,4,4,Tienda
3278,2026-01-06,15,5,Mayorista
3279,2026-01-06,10,1,Tienda
3280,2026-01-06,13,1,Mayorista
3281,2026-01-06,16,4,Tienda
3282,2026-01-06,1,2,Online
3283,2026-01-06,10,1,Online
3284,2026-01-06,30,6,Online
3285,2026-01-06,2,5,Tienda
3286,2026-01-06,11,5,Tienda
3287,2026-01-06,11,5,Mayorista
3288,2026-01-06,12,6,Tienda
3289,2026-01-06,21,6,Online
3290,2026-01-06,10,1,Tienda
3291,2026-01-06,15,2,Mayorista
3292,2026-01-06,20,1,Tienda
3293,2026-01-06,11,4,Tienda
3294,2026-01-06,29,3,Tienda
3295,2026-01-06,30,1,Tienda
3296,2026-01-06,5,6,Tienda
3297,2026-01-06,12,4,Tienda
3298,2026-01-06,8,3,Tienda
3299,2026-01-06,7,3,Tienda
3300,2026-01-06,15,2,Tienda
3301,2026-01-06,17,5,Tienda
3302,2026-01-06,14,3,Tienda
3303,2026-01-06,10,5,Tienda
3304,2026-01-06,10,1,Tienda
3305,2026-01-06,30,2,Online
3306,2026-01-07,23,3,Tienda
3307,2026-01-07,1,6,Online
3308,2026-01-07,2,4,Tienda
3309,2026-01-07,7,6,Tienda
3310,2026-01-07,2,4,Online
3311,2026-01-07,16,6,Tienda
3312,2026-01-07,2,5,Online
3313,2026-01-07,26,5,Online
3314,2026-01-07,15,2,Tienda
3315,2026-01-07,23,6,Online
3316,2026-01-07,24,3,Mayorista
3317,2026-01-07,16,1,Tienda
3318,2026-01-07,28,6,Online
3319,2026-01-07,30,4,Online
3320,2026-01-07,12,3,Mayorista
3321,2026-01-07,5,3,Tienda
3322,2026-01-07,12,1,Tienda
3323,2026-01-07,9,4,Tienda
3324,2026-01-07,16,2,Tienda
3325,2026-01-08,10,7,Mayorista
3326,2026-01-08,20,6,Mayorista
3327,2026-01-08,13,2,Online
3328,2026-01-08,14,3,Tienda
3329,2026-01-08,26,3,Tienda
3330,2026-01-08,30,5,Tienda
3331,2026-01-08,17,3,Tienda
3332,2026-01-08,3,1,Tienda
3333,2026-01-08,4,7,Tienda
3334,2026-01-08,30,2,Tienda
3335,2026-01-08,21,3,Tienda
3336,2026-01-08,24,6,Tienda
3337,2026-01-08,21,1,Mayorista
3338,2026-01-08,7,6,Mayorista
3339,2026-01-08,14,7,Mayorista
3340,2026-01-08,26,6,Tienda
3341,2026-01-08,27,1,Mayorista
3342,2026-01-08,10,7,Tienda
3343,2026-01-08,18,4,Online
3344,2026-01-08,6,7,Online
3345,2026-01-08,29,6,Tienda
3346,2026-01-08,10,7,Tienda
3347,2026-01-08,23,6,Online
3348,2026-01-08,10,5,Mayorista
3349,2026-01-08,20,5,Online
3350,2026-01-08,20,7,Mayorista
3351,2026-01-08,11,4,Mayorista
3352,2026-01-09,4,2,Tienda
3353,2026-01-09,17,6,Mayorista
3354,2026-01-09,13,6,Tienda
3355,2026-01-09,3,2,Tienda
3356,2026-01-09,20,2,Tienda
3357,2026-01-09,23,3,Tienda
3358,2026-01-09,6,4,Mayorista
3359,2026-01-09,21,1,Tienda
3360,2026-01-09,7,7,Tienda
3361,2026-01-09,5,4,Tienda
3362,2026-01-09,6,2,Mayorista
3363,2026-01-09,18,3,Tienda
3364,2026-01-09,25,5,Tienda
3365,2026-01-09,18,3,Tienda
3366,2026-01-09,26,1,Tienda
3367,2026-01-10,27,6,Tienda
3368,2026-01-10,2,2,Online
3369,2026-01-10,24,7,Tienda
3370,2026-01-10,2,4,Tienda
3371,2026-01-10,11,2,Online
3372,2026-01-10,27,4,Tienda
3373,2026-01-10,21,6,Tienda
3374,2026-01-10,6,4,Tienda
3375,2026-01-10,15,7,Mayorista
3376,2026-01-10,23,2,Online
3377,2026-01-10,29,4,Online
3378,2026-01-10,20,3,Tienda
3379,2026-01-10,2,1,Tienda
3380,2026-01-10,15,3,Tienda
3381,2026-01-10,6,2,Mayorista
3382,2026-01-10,2,6,Tienda
3383,2026-01-10,18,5,Tienda
3384,2026-01-10,25,3,Tienda
3385,2026-01-10,2,1,Mayorista
3386,2026-01-10,25,1,Online
3387,2026-01-10,22,4,Tienda
3388,2026-01-10,24,7,Tienda
3389,2026-01-10,10,5,Mayorista
3390,2026-01-10,13,4,Tienda
3391,2026-01-10,5,1,Tienda
3392,2026-01-10,10,1,Online
3393,2026-01-10,11,7,Online
3394,2026-01-10,11,6,Tienda
3395,2026-01-10,6,7,Tienda
3396,2026-01-10,7,6,Tienda
3397,2026-01-10,28,2,Tienda
3398,2026-01-10,25,3,Tienda
3399,2026-01-10,12,2,Tienda
3400,2026-01-10,29,7,Tienda
3401,2026-01-11,1,6,Tienda
3402,2026-01-11,20,3,Mayorista
3403,2026-01-11,10,1,Tienda
3404,2026-01-11,12,6,Mayorista
3405,2026-01-11,22,6,Mayorista
3406,2026-01-11,17,5,Tienda
3407,2026-01-11,12,1,Tienda
3408,2026-01-11,6,4,Tienda
3409,2026-01-11,16,6,Tienda
3410,2026-01-11,11,5,Tienda
3411,2026-01-11,28,7,Tienda
3412,2026-01-11,16,5,Tienda
3413,2026-01-11,27,6,Mayorista
3414,2026-01-11,13,5,Tienda
3415,2026-01-11,26,2,Mayorista
3416,2026-01-11,2,7,Online
3417,2026-01-11,11,1,Online
3418,2026-01-11,3,3,Online
3419,2026-01-11,2,4,Mayorista
3420,2026-01-11,28,3,Mayorista
3421,2026-01-11,23,4,Online
3422,2026-01-11,20,4,Tienda
3423,2026-01-11,16,2,Mayorista
3424,2026-01-11,17,6,Tienda
3425,2026-01-11,20,5,Tienda
3426,2026-01-11,26,1,Mayorista
3427,2026-01-11,18,4,Mayorista
3428,2026-01-11,24,3,Tienda
3429,2026-01-11,10,1,Mayorista
3430,2026-01-11,30,3,Tienda
3431,2026-01-11,2,7,Tienda
3432,2026-01-11,13,3,Tienda
3433,2026-01-11,27,2,Tienda
3434,2026-01-11,7,1,Tienda
3435,2026-01-11,6,1,Tienda
3436,2026-01-12,30,3,Tienda
3437,2026-01-12,13,1,Online
3438,2026-01-12,4,3,Online
3439,2026-01-12,18,2,Tienda
3440,2026-01-12,28,6,Online
3441,2026-01-12,25,4,Tienda
3442,2026-01-12,26,5,Tienda
3443,2026-01-12,28,6,Tienda
3444,2026-01-12,20,4,Tienda
3445,2026-01-12,30,7,Tienda
3446,2026-01-12,2,2,Tienda
3447,2026-01-12,26,4,Online
3448,2026-01-12,27,2,Tienda
3449,2026-01-12,28,6,Online
3450,2026-01-12,15,3,Tienda
3451,2026-01-12,25,3,Tienda
3452,2026-01-12,7,1,Tienda
3453,2026-01-12,19,6,Tienda
3454,2026-01-12,12,5,Tienda
3455,2026-01-12,18,2,Mayorista
3456,2026-01-12,21,4,Tienda
3457,2026-01-12,12,7,Tienda
3458,2026-01-13,23,4,Tienda
3459,2026-01-13,7,3,Tienda
3460,2026-01-13,14,5,Online
3461,2026-01-13,26,6,Tienda
3462,2026-01-13,13,3,Tienda
3463,2026-01-13,30,1,Tienda
3464,2026-01-13,12,7,Online
3465,2026-01-13,15,4,Online
3466,2026-01-13,15,1,Tienda
3467,2026-01-13,14,2,Tienda
3468,2026-01-13,27,4,Tienda
3469,2026-01-13,6,1,Tienda
3470,2026-01-13,17,3,Tienda
3471,2026-01-13,20,2,Tienda
3472,2026-01-13,27,7,Mayorista
3473,2026-01-13,19,6,Tienda
3474,2026-01-13,29,4,Tienda
3475,2026-01-13,27,2,Tienda
3476,2026-01-13,12,3,Mayorista
3477,2026-01-13,27,1,Tienda
3478,2026-01-13,29,5,Tienda
3479,2026-01-13,10,2,Tienda
3480,2026-01-13,19,3,Tienda
3481,2026-01-13,10,7,Tienda
3482,2026-01-13,20,2,Tienda
3483,2026-01-13,4,3,Tienda
3484,2026-01-13,23,5,Tienda
3485,2026-01-13,14,3,Mayorista
3486,2026-01-13,18,7,Tienda
3487,2026-01-14,2,1,Mayorista
3488,2026-01-14,14,1,Online
3489,2026-01-14,4,7,Tienda
3490,2026-01-14,13,3,Online
3491,2026-01-14,30,1,Tienda
3492,2026-01-14,24,7,Tienda
3493,2026-01-14,30,4,Tienda
3494,2026-01-14,24,1,Online
3495,2026-01-14,19,7,Mayorista
3496,2026-01-14,24,7,Online
3497,2026-01-14,20,6,Mayorista
3498,2026-01-14,15,2,Tienda
3499,2026-01-14,11,1,Online
3500,2026-01-14,16,3,Tienda
3501,2026-01-14,10,7,Mayorista
3502,2026-01-14,15,6,Online
3503,2026-01-14,6,6,Tienda
3504,2026-01-14,17,6,Tienda
3505,2026-01-14,10,5,Tienda
3506,2026-01-14,11,6,Mayorista
3507,2026-01-14,15,6,Tienda
3508,2026-01-14,6,1,Tienda
3509,2026-01-14,30,2,Online
3510,2026-01-14,14,5,Mayorista
3511,2026-01-14,12,1,Tienda
3512,2026-01-15,15,3,Mayorista
3513,2026-01-15,12,2,Online
3514,2026-01-15,20,1,Mayorista
3515,2026-01-15,26,1,Tienda
3516,2026-01-15,10,5,Tienda
3517,2026-01-15,12,5,Tienda
3518,2026-01-15,22,6,Tienda
3519,2026-01-15,25,7,Mayorista
3520,2026-01-15,26,7,Mayorista
3521,2026-01-15,8,4,Tienda
3522,2026-01-15,16,4,Tienda
3523,2026-01-15,28,2,Mayorista
3524,2026-01-15,13,1,Tienda
3525,2026-01-15,14,7,Tienda
3526,2026-01-15,30,3,Tienda
3527,2026-01-15,4,1,Online
3528,2026-01-15,22,7,Tienda
3529,2026-01-15,27,2,Tienda
3530,2026-01-15,6,2,Tienda
3531,2026-01-15,22,6,Online
3532,2026-01-15,15,7,Tienda
3533,2026-01-15,27,3,Tienda
3534,2026-01-15,28,6,Tienda
3535,2026-01-16,15,4,Tienda
3536,2026-01-16,27,1,Tienda
3537,2026-01-16,28,3,Mayorista
3538,2026-01-16,12,5,Tienda
3539,2026-01-16,20,6,Tienda
3540,2026-01-16,9,4,Tienda
3541,2026-01-16,17,2,Tienda
3542,2026-01-16,10,1,Mayorista
3543,2026-01-16,17,3,Online
3544,2026-01-16,6,2,Tienda
3545,2026-01-16,29,1,Mayorista
3546,2026-01-16,27,3,Online
3547,2026-01-16,11,6,Online
3548,2026-01-16,25,1,Tienda
3549,2026-01-16,4,5,Online
3550,2026-01-16,24,3,Online
3551,2026-01-16,10,2,Mayorista
3552,2026-01-16,5,3,Online
3553,2026-01-16,21,4,Tienda
3554,2026-01-16,15,5,Tienda
3555,2026-01-16,16,2,Online
3556,2026-01-16,16,4,Tienda
3557,2026-01-16,3,1,Tienda
3558,2026-01-16,2,6,Online
3559,2026-01-16,19,3,Online
3560,2026-01-16,20,6,Online
3561,2026-01-17,22,1,Mayorista
3562,2026-01-17,30,2,Mayorista
3563,2026-01-17,17,6,Tienda
3564,2026-01-17,9,4,Online
3565,2026-01-17,30,5,Mayorista
3566,2026-01-17,6,4,Tienda
3567,2026-01-17,11,4,Tienda
3568,2026-01-17,6,1,Tienda
3569,2026-01-17,15,2,Online
3570,2026-01-17,14,5,Tienda
3571,2026-01-17,15,2,Online
3572,2026-01-17,28,4,Mayorista
3573,2026-01-17,15,2,Tienda
3574,2026-01-17,16,4,Tienda
3575,2026-01-17,27,5,Online
3576,2026-01-17,26,4,Tienda
3577,2026-01-17,10,7,Online
3578,2026-01-17,1,2,Tienda
3579,2026-01-17,20,4,Tienda
3580,2026-01-17,27,2,Mayorista
3581,2026-01-17,17,4,Tienda
3582,2026-01-17,8,5,Online
3583,2026-01-17,24,3,Tienda
3584,2026-01-17,21,2,Tienda
3585,2026-01-17,17,2,Tienda
3586,2026-01-17,27,2,Mayorista
3587,2026-01-17,25,3,Online
3588,2026-01-17,21,2,Online
3589,2026-01-17,20,1,Tienda
3590,2026-01-17,20,4,Tienda
3591,2026-01-17,16,1,Tienda
3592,2026-01-17,15,2,Mayorista
3593,2026-01-17,22,3,Tienda
3594,2026-01-17,19,7,Tienda
3595,2026-01-17,15,2,Mayorista
3596,2026-01-17,5,2,Tienda
3597,2026-01-17,22,7,Online
3598,2026-01-17,20,2,Tienda
3599,2026-01-17,12,5,Online
3600,2026-01-17,12,2,Tienda
3601,2026-01-18,11,2,Tienda
3602,2026-01-18,23,5,Tienda
3603,2026-01-18,30,1,Tienda
3604,2026-01-18,12,6,Mayorista
3605,2026-01-18,30,6,Tienda
3606,2026-01-18,20,7,Tienda
3607,2026-01-18,24,7,Mayorista
3608,2026-01-18,10,1,Online
3609,2026-01-18,20,6,Tienda
3610,2026-01-18,16,1,Tienda
3611,2026-01-18,29,7,Tienda
3612,2026-01-18,28,5,Tienda
3613,2026-01-18,13,4,Tienda
3614,2026-01-18,29,6,Tienda
3615,2026-01-18,27,1,Mayorista
3616,2026-01-18,18,5,Tienda
3617,2026-01-18,3,1,Tienda
3618,2026-01-18,6,7,Mayorista
3619,2026-01-18,3,3,Online
3620,2026-01-18,4,2,Tienda
3621,2026-01-18,30,2,Mayorista
3622,2026-01-18,8,7,Tienda
3623,2026-01-18,21,4,Tienda
3624,2026-01-18,20,4,Tienda
3625,2026-01-18,20,3,Online
3626,2026-01-18,8,5,Tienda
3627,2026-01-18,18,4,Mayorista
3628,2026-01-18,20,2,Tienda
3629,2026-01-18,17,2,Tienda
3630,2026-01-18,7,5,Tienda
3631,2026-01-18,23,1,Tienda
3632,2026-01-18,3,1,Online
3633,2026-01-19,21,1,Tienda
3634,2026-01-19,6,3,Online
3635,2026-01-19,2,7,Online
3636,2026-01-19,20,1,Tienda
3637,2026-01-19,20,1,Online
3638,2026-01-19,17,7,Tienda
3639,2026-01-19,10,2,Tienda
3640,2026-01-19,26,4,Tienda
3641,2026-01-19,3,5,Tienda
3642,2026-01-19,20,6,Tienda
3643,2026-01-19,5,6,Online
3644,2026-01-19,20,2,Tienda
3645,2026-01-19,14,6,Mayorista
3646,2026-01-19,23,2,Tienda
3647,2026-01-19,2,2,Mayorista
3648,2026-01-19,17,4,Tienda
3649,2026-01-19,6,5,Online
3650,2026-01-19,21,7,Online
3651,2026-01-19,5,3,Tienda
3652,2026-01-19,3,2,Tienda
3653,2026-01-19,22,1,Tienda
3654,2026-01-19,3,1,Tienda
3655,2026-01-19,9,7,Tienda
3656,2026-01-19,26,6,Online
3657,2026-01-19,26,3,Online
3658,2026-01-19,27,7,Online
3659,2026-01-20,12,4,Tienda
3660,2026-01-20,29,6,Tienda
3661,2026-01-20,20,5,Tienda
3662,2026-01-20,25,7,Tienda
3663,2026-01-20,30,3,Tienda
3664,2026-01-20,10,6,Mayorista
3665,2026-01-20,11,4,Online
3666,2026-01-20,20,1,Mayorista
3667,2026-01-20,2,7,Mayorista
3668,2026-01-20,17,7,Mayorista
3669,2026-01-20,26,4,Mayorista
3670,2026-01-20,19,2,Mayorista
3671,2026-01-20,11,4,Tienda
3672,2026-01-20,23,4,Tienda
3673,2026-01-20,6,2,Online
3674,2026-01-20,28,5,Tienda
3675,2026-01-20,4,1,Tienda
3676,2026-01-20,27,3,Tienda
3677,2026-01-20,15,7,Tienda
3678,2026-01-20,14,7,Tienda
3679,2026-01-20,15,7,Mayorista
3680,2026-01-20,7,1,Mayorista
3681,2026-01-20,14,4,Tienda
3682,2026-01-20,27,1,Tienda
3683,2026-01-20,26,1,Online
3684,2026-01-20,6,2,Tienda
3685,2026-01-20,21,7,Tienda
3686,2026-01-20,27,4,Tienda
3687,2026-01-21,9,1,Tienda
3688,2026-01-21,3,3,Online
3689,2026-01-21,5,1,Tienda
3690,2026-01-21,30,2,Tienda
3691,2026-01-21,10,6,Tienda
3692,2026-01-21,11,7,Tienda
3693,2026-01-21,5,6,Tienda
3694,2026-01-21,24,7,Tienda
3695,2026-01-21,28,5,Tienda
3696,2026-01-21,25,5,Tienda
3697,2026-01-21,19,3,Online
3698,2026-01-21,26,5,Tienda
3699,2026-01-21,14,4,Tienda
3700,2026-01-21,27,3,Online
3701,2026-01-21,26,6,Online
3702,2026-01-21,1,6,Online
3703,2026-01-21,15,7,Mayorista
3704,2026-01-21,10,7,Tienda
3705,2026-01-21,3,2,Mayorista
3706,2026-01-21,27,7,Tienda
3707,2026-01-21,1,6,Tienda
3708,2026-01-21,23,1,Tienda
3709,2026-01-21,30,7,Tienda
3710,2026-01-21,15,6,Tienda
3711,2026-01-22,16,5,Tienda
3712,2026-01-22,10,3,Mayorista
3713,2026-01-22,20,5,Tienda
3714,2026-01-22,21,2,Tienda
3715,2026-01-22,3,6,Tienda
3716,2026-01-22,12,1,Tienda
3717,2026-01-22,24,6,Tienda
3718,2026-01-22,23,1,Tienda
3719,2026-01-22,16,2,Tienda
3720,2026-01-22,25,3,Tienda
3721,2026-01-22,4,2,Online
3722,2026-01-22,5,5,Tienda
3723,2026-01-22,20,2,Online
3724,2026-01-22,21,7,Tienda
3725,2026-01-22,26,1,Online
3726,2026-01-22,7,4,Tienda
3727,2026-01-22,16,4,Online
3728,2026-01-22,20,3,Tienda
3729,2026-01-22,9,3,Tienda
3730,2026-01-22,16,7,Tienda
3731,2026-01-22,20,6,Tienda
3732,2026-01-22,8,1,Mayorista
3733,2026-01-23,13,6,Online
3734,2026-01-23,2,2,Tienda
3735,2026-01-23,28,6,Tienda
3736,2026-01-23,15,2,Tienda
3737,2026-01-23,14,7,Tienda
3738,2026-01-23,16,5,Tienda
3739,2026-01-23,26,2,Tienda
3740,2026-01-23,9,4,Tienda
3741,2026-01-23,22,3,Mayorista
3742,2026-01-23,22,1,Tienda
3743,2026-01-23,27,7,Tienda
3744,2026-01-23,1,3,Online
3745,2026-01-23,6,3,Mayorista
3746,2026-01-23,15,2,Tienda
3747,2026-01-23,27,7,Online
3748,2026-01-23,30,6,Tienda
3749,2026-01-23,18,6,Tienda
3750,2026-01-23,8,2,Mayorista
3751,2026-01-23,7,5,Tienda
3752,2026-01-23,20,7,Tienda
3753,2026-01-23,8,7,Tienda
3754,2026-01-23,17,2,Online
3755,2026-01-23,26,4,Tienda
3756,2026-01-23,13,3,Mayorista
3757,2026-01-23,12,2,Online
3758,2026-01-23,2,6,Tienda
3759,2026-01-24,15,3,Tienda
3760,2026-01-24,1,4,Mayorista
3761,2026-01-24,28,1,Tienda
3762,2026-01-24,16,3,Tienda
3763,2026-01-24,26,6,Online
3764,2026-01-24,20,6,Mayorista
3765,2026-01-24,26,6,Online
3766,2026-01-24,21,2,Tienda
3767,2026-01-24,28,3,Tienda
3768,2026-01-24,9,3,Online
3769,2026-01-24,7,5,Online
3770,2026-01-24,22,2,Tienda
3771,2026-01-24,15,7,Mayorista
3772,2026-01-24,18,1,Online
3773,2026-01-24,22,6,Online
3774,2026-01-24,16,4,Tienda
3775,2026-01-24,25,2,Tienda
3776,2026-01-24,11,6,Tienda
3777,2026-01-24,27,1,Tienda
3778,2026-01-24,4,3,Tienda
3779,2026-01-24,20,4,Mayorista
3780,2026-01-24,28,2,Tienda
3781,2026-01-24,10,4,Tienda
3782,2026-01-24,11,1,Online
3783,2026-01-24,11,6,Tienda
3784,2026-01-24,17,2,Online
3785,2026-01-24,14,5,Mayorista
3786,2026-01-24,4,1,Tienda
3787,2026-01-24,28,5,Tienda
3788,2026-01-24,8,5,Online
3789,2026-01-24,16,3,Tienda
3790,2026-01-24,18,6,Tienda
3791,2026-01-24,2,3,Tienda
3792,2026-01-24,4,2,Mayorista
3793,2026-01-24,30,3,Tienda
3794,2026-01-24,20,5,Mayorista
3795,2026-01-24,2,5,Online
3796,2026-01-24,26,6,Tienda
3797,2026-01-24,16,4,Tienda
3798,2026-01-24,3,3,Tienda
3799,2026-01-24,21,5,Tienda
3800,2026-01-25,11,3,Tienda
3801,2026-01-25,6,2,Tienda
3802,2026-01-25,12,7,Mayorista
3803,2026-01-25,15,2,Tienda
3804,2026-01-25,23,5,Online
3805,2026-01-25,22,7,Tienda
3806,2026-01-25,7,6,Mayorista
3807,2026-01-25,2,4,Mayorista
3808,2026-01-25,11,7,Online
3809,2026-01-25,6,5,Tienda
3810,2026-01-25,13,4,Tienda
3811,2026-01-25,30,2,Online
3812,2026-01-25,7,4,Online
3813,2026-01-25,11,1,Tienda
3814,2026-01-25,23,3,Online
3815,2026-01-25,16,3,Mayorista
3816,2026-01-25,2,3,Online
3817,2026-01-25,6,4,Tienda
3818,2026-01-25,29,1,Online
3819,2026-01-25,4,6,Mayorista
3820,2026-01-25,20,3,Tienda
3821,2026-01-25,26,5,Tienda
3822,2026-01-25,10,1,Online
3823,2026-01-25,23,4,Mayorista
3824,2026-01-25,6,7,Tienda
3825,2026-01-25,10,7,Tienda
3826,2026-01-25,11,6,Tienda
3827,2026-01-25,30,5,Tienda
3828,2026-01-25,8,7,Mayorista
3829,2026-01-26,16,6,Tienda
3830,2026-01-26,28,1,Online
3831,2026-01-26,11,1,Online
3832,2026-01-26,26,7,Tienda
3833,2026-01-26,6,7,Tienda
3834,2026-01-26,24,7,Tienda
3835,2026-01-26,17,4,Online
3836,2026-01-26,6,7,Mayorista
3837,2026-01-26,23,7,Online
3838,2026-01-26,22,6,Tienda
3839,2026-01-26,16,6,Mayorista
3840,2026-01-26,9,3,Mayorista
3841,2026-01-26,5,2,Tienda
3842,2026-01-26,29,3,Tienda
3843,2026-01-26,20,6,Mayorista
3844,2026-01-26,26,3,Tienda
3845,2026-01-26,22,1,Mayorista
3846,2026-01-26,26,4,Tienda
3847,2026-01-26,6,3,Tienda
3848,2026-01-26,15,4,Tienda
3849,2026-01-26,21,4,Tienda
3850,2026-01-27,11,2,Tienda
3851,2026-01-27,1,5,Mayorista
3852,2026-01-27,29,4,Tienda
3853,2026-01-27,5,1,Tienda
3854,2026-01-27,13,1,Online
3855,2026-01-27,27,1,Mayorista
3856,2026-01-27,4,4,Tienda
3857,2026-01-27,15,2,Tienda
3858,2026-01-27,27,3,Tienda
3859,2026-01-27,17,3,Online
3860,2026-01-27,8,4,Tienda
3861,2026-01-27,23,7,Tienda
3862,2026-01-27,21,6,Tienda
3863,2026-01-27,12,3,Tienda
3864,2026-01-27,2,3,Tienda
3865,2026-01-27,1,6,Mayorista
3866,2026-01-27,26,7,Mayorista
3867,2026-01-27,11,7,Tienda
3868,2026-01-28,27,7,Online
3869,2026-01-28,7,7,Online
3870,2026-01-28,9,5,Online
3871,2026-01-28,21,7,Tienda
3872,2026-01-28,4,6,Tienda
3873,2026-01-28,23,5,Tienda
3874,2026-01-28,10,5,Tienda
3875,2026-01-28,20,3,Tienda
3876,2026-01-28,27,2,Tienda
3877,2026-01-28,19,6,Tienda
3878,2026-01-28,8,1,Tienda
3879,2026-01-28,2,1,Online
3880,2026-01-28,2,4,Tienda
3881,2026-01-28,4,1,Tienda
3882,2026-01-28,18,5,Tienda
3883,2026-01-28,12,1,Online
3884,2026-01-28,10,5,Online
3885,2026-01-28,9,5,Online
3886,2026-01-28,29,5,Online
3887,2026-01-28,5,4,Online
3888,2026-01-28,11,6,Tienda
3889,2026-01-28,15,4,Tienda
3890,2026-01-28,1,1,Tienda
3891,2026-01-28,28,7,Tienda
3892,2026-01-28,4,6,Tienda
3893,2026-01-29,26,1,Tienda
3894,2026-01-29,6,4,Online
3895,2026-01-29,12,5,Online
3896,2026-01-29,13,2,Mayorista
3897,2026-01-29,11,6,Tienda
3898,2026-01-29,1,5,Tienda
3899,2026-01-29,10,3,Online
3900,2026-01-29,11,1,Tienda
3901,2026-01-29,11,4,Mayorista
3902,2026-01-29,25,1,Online
3903,2026-01-29,2,2,Tienda
3904,2026-01-29,13,6,Mayorista
3905,2026-01-29,2,5,Tienda
3906,2026-01-29,28,2,Mayorista
3907,2026-01-29,25,2,Tienda
3908,2026-01-29,30,7,Tienda
3909,2026-01-29,28,2,Online
3910,2026-01-29,11,3,Mayorista
3911,2026-01-29,21,7,Tienda
3912,2026-01-29,11,3,Online
3913,2026-01-29,28,4,Tienda
3914,2026-01-29,14,6,Tienda
3915,2026-01-29,12,7,Tienda
3916,2026-01-29,28,7,Tienda
3917,2026-01-29,26,3,Tienda
3918,2026-01-29,30,5,Mayorista
3919,2026-01-29,3,4,Tienda
3920,2026-01-29,10,5,Tienda
3921,2026-01-29,11,2,Tienda
3922,2026-01-29,14,5,Tienda
3923,2026-01-30,30,1,Online
3924,2026-01-30,22,3,Online
3925,2026-01-30,27,4,Tienda
3926,2026-01-30,12,7,Mayorista
3927,2026-01-30,16,1,Mayorista
3928,2026-01-30,30,3,Tienda
3929,2026-01-30,14,1,Tienda
3930,2026-01-30,26,4,Mayorista
3931,2026-01-30,16,4,Tienda
3932,2026-01-30,9,2,Tienda
3933,2026-01-30,18,7,Tienda
3934,2026-01-30,9,6,Online
3935,2026-01-30,1,6,Online
3936,2026-01-30,10,4,Online
3937,2026-01-30,7,7,Mayorista
3938,2026-01-30,12,5,Tienda
3939,2026-01-30,28,6,Online
3940,2026-01-30,13,2,Tienda
3941,2026-01-30,27,6,Online
3942,2026-01-30,17,2,Tienda
3943,2026-01-30,1,1,Mayorista
3944,2026-01-30,7,4,Tienda
3945,2026-01-30,28,6,Tienda
3946,2026-01-30,19,1,Tienda
3947,2026-01-30,28,3,Online
3948,2026-01-31,16,6,Tienda
3949,2026-01-31,1,2,Tienda
3950,2026-01-31,21,1,Tienda
3951,2026-01-31,20,5,Tienda
3952,2026-01-31,2,7,Tienda
3953,2026-01-31,26,7,Online
3954,2026-01-31,24,1,Tienda
3955,2026-01-31,11,5,Tienda
3956,2026-01-31,20,2,Tienda
3957,2026-01-31,19,7,Tienda
3958,2026-01-31,6,5,Tienda
3959,2026-01-31,7,5,Tienda
3960,2026-01-31,21,6,Tienda
3961,2026-01-31,29,3,Online
3962,2026-01-31,17,1,Tienda
3963,2026-01-31,17,2,Tienda
3964,2026-01-31,20,4,Mayorista
3965,2026-01-31,14,2,Mayorista
3966,2026-01-31,2,2,Mayorista
3967,2026-01-31,13,7,Tienda
3968,2026-01-31,28,3,Tienda
3969,2026-01-31,26,1,Tienda
3970,2026-01-31,28,7,Tienda
3971,2026-01-31,6,5,Mayorista
3972,2026-01-31,16,1,Tienda
3973,2026-01-31,18,2,Tienda
3974,2026-01-31,8,1,Tienda
3975,2026-01-31,7,5,Online
3976,2026-01-31,25,7,Tienda
3977,2026-01-31,21,1,Online
3978,2026-01-31,20,3,Tienda
3979,2026-01-31,10,3,Tienda
3980,2026-01-31,16,2,Online
3981,2026-02-01,15,6,Mayorista
3982,2026-02-01,10,7,Tienda
3983,2026-02-01,10,2,Online
3984,2026-02-01,17,5,Online
3985,2026-02-01,24,2,Tienda
3986,2026-02-01,26,3,Tienda
3987,2026-02-01,13,6,Online
3988,2026-02-01,3,5,Online
3989,2026-02-01,15,3,Tienda
3990,2026-02-01,14,5,Tienda
3991,2026-02-01,7,4,Tienda
3992,2026-02-01,28,6,Online
3993,2026-02-01,30,2,Tienda
3994,2026-02-01,2,2,Mayorista
3995,2026-02-01,26,4,Tienda
3996,2026-02-01,20,2,Online
3997,2026-02-01,10,2,Mayorista
3998,2026-02-01,20,5,Mayorista
3999,2026-02-01,5,5,Tienda
4000,2026-02-01,3,6,Tienda
4001,2026-02-01,30,3,Tienda
4002,2026-02-01,20,7,Mayorista
4003,2026-02-01,10,7,Tienda
4004,2026-02-01,14,5,Tienda
4005,2026-02-01,29,1,Tienda
4006,2026-02-01,14,5,Tienda
4007,2026-02-02,12,4,Tienda
4008,2026-02-02,21,3,Online
4009,2026-02-02,25,6,Online
4010,2026-02-02,16,2,Tienda
4011,2026-02-02,29,6,Mayorista
4012,2026-02-02,28,2,Tienda
4013,2026-02-02,15,2,Tienda
4014,2026-02-02,6,7,Tienda
4015,2026-02-02,24,5,Tienda
4016,2026-02-02,10,3,Online
4017,2026-02-02,27,4,Online
4018,2026-02-02,18,5,Tienda
4019,2026-02-02,13,1,Tienda
4020,2026-02-02,17,2,Online
4021,2026-02-02,16,7,Tienda
4022,2026-02-02,28,3,Tienda
4023,2026-02-02,8,2,Online
4024,2026-02-02,28,4,Tienda
4025,2026-02-02,2,1,Tienda
4026,2026-02-02,24,7,Tienda
4027,2026-02-02,28,5,Online
4028,2026-02-02,13,1,Tienda
4029,2026-02-02,3,7,Online
4030,2026-02-02,26,3,Tienda
4031,2026-02-02,27,6,Tienda
4032,2026-02-03,27,2,Tienda
4033,2026-02-03,26,3,Tienda
4034,2026-02-03,14,6,Tienda
4035,2026-02-03,5,7,Mayorista
4036,2026-02-03,12,3,Online
4037,2026-02-03,29,1,Tienda
4038,2026-02-03,29,5,Mayorista
4039,2026-02-03,24,1,Tienda
4040,2026-02-03,8,7,Tienda
4041,2026-02-03,7,6,Mayorista
4042,2026-02-03,27,5,Online
4043,2026-02-03,6,5,Online
4044,2026-02-03,18,7,Tienda
4045,2026-02-03,12,7,Online
4046,2026-02-03,11,4,Tienda
4047,2026-02-03,21,1,Online
4048,2026-02-03,29,2,Tienda
4049,2026-02-03,25,2,Tienda
4050,2026-02-03,15,6,Tienda
4051,2026-02-03,14,7,Online
4052,2026-02-03,28,2,Online
4053,2026-02-03,17,6,Tienda
4054,2026-02-03,15,4,Tienda
4055,2026-02-03,21,3,Mayorista
4056,2026-02-03,10,5,Online
4057,2026-02-04,11,7,Tienda
4058,2026-02-04,2,5,Mayorista
4059,2026-02-04,7,5,Tienda
4060,2026-02-04,4,7,Mayorista
4061,2026-02-04,7,6,Tienda
4062,2026-02-04,26,7,Tienda
4063,2026-02-04,11,5,Online
4064,2026-02-04,24,2,Tienda
4065,2026-02-04,29,4,Tienda
4066,2026-02-04,17,4,Mayorista
4067,2026-02-04,15,1,Online
4068,2026-02-04,24,6,Tienda
4069,2026-02-04,4,2,Online
4070,2026-02-04,14,1,Tienda
4071,2026-02-04,15,1,Mayorista
4072,2026-02-04,26,4,Tienda
4073,2026-02-04,26,5,Online
4074,2026-02-04,27,5,Mayorista
4075,2026-02-05,6,4,Tienda
4076,2026-02-05,20,2,Tienda
4077,2026-02-05,11,7,Online
4078,2026-02-05,16,3,Tienda
4079,2026-02-05,24,5,Online
4080,2026-02-05,2,7,Tienda
4081,2026-02-05,17,4,Online
4082,2026-02-05,6,6,Tienda
4083,2026-02-05,10,1,Mayorista
4084,2026-02-05,2,4,Tienda
4085,2026-02-05,6,3,Tienda
4086,2026-02-05,30,2,Tienda
4087,2026-02-05,30,7,Tienda
4088,2026-02-05,23,5,Online
4089,2026-02-05,19,4,Mayorista
4090,2026-02-05,25,4,Tienda
4091,2026-02-05,28,5,Mayorista
4092,2026-02-05,16,7,Tienda
4093,2026-02-05,2,7,Tienda
4094,2026-02-05,22,5,Mayorista
4095,2026-02-05,30,1,Tienda
4096,2026-02-06,26,5,Online
4097,2026-02-06,26,1,Tienda
4098,2026-02-06,2,1,Tienda
4099,2026-02-06,11,1,Online
4100,2026-02-06,14,7,Tienda
4101,2026-02-06,18,7,Tienda
4102,2026-02-06,6,7,Tienda
4103,2026-02-06,11,6,Tienda
4104,2026-02-06,27,2,Mayorista
4105,2026-02-06,15,3,Tienda
4106,2026-02-06,24,7,Tienda
4107,2026-02-06,15,1,Tienda
4108,2026-02-06,15,5,Tienda
4109,2026-02-06,20,4,Tienda
4110,2026-02-06,10,5,Tienda
4111,2026-02-06,10,4,Mayorista
4112,2026-02-06,30,2,Tienda
4113,2026-02-06,27,4,Tienda
4114,2026-02-07,3,5,Online
4115,2026-02-07,24,3,Online
4116,2026-02-07,23,1,Tienda
4117,2026-02-07,10,2,Tienda
4118,2026-02-07,12,4,Tienda
4119,2026-02-07,29,2,Mayorista
4120,2026-02-07,4,6,Tienda
4121,2026-02-07,7,2,Online
4122,2026-02-07,14,5,Online
4123,2026-02-07,10,1,Tienda
4124,2026-02-07,20,4,Online
4125,2026-02-07,21,6,Tienda
4126,2026-02-07,16,3,Tienda
4127,2026-02-07,19,5,Tienda
4128,2026-02-07,14,2,Tienda
4129,2026-02-07,24,2,Mayorista
4130,2026-02-07,2,5,Tienda
4131,2026-02-07,11,7,Online
4132,2026-02-07,21,2,Tienda
4133,2026-02-07,11,5,Tienda
4134,2026-02-07,3,7,Tienda
4135,2026-02-07,12,6,Tienda
4136,2026-02-07,22,4,Online
4137,2026-02-07,5,7,Mayorista
4138,2026-02-07,23,1,Online
4139,2026-02-07,25,6,Mayorista
4140,2026-02-07,20,7,Tienda
4141,2026-02-07,10,1,Mayorista
4142,2026-02-07,26,4,Tienda
4143,2026-02-07,8,6,Tienda
4144,2026-02-07,28,1,Tienda
4145,2026-02-08,21,3,Tienda
4146,2026-02-08,30,7,Tienda
4147,2026-02-08,11,5,Online
4148,2026-02-08,24,6,Tienda
4149,2026-02-08,2,7,Tienda
4150,2026-02-08,4,3,Online
4151,2026-02-08,6,5,Tienda
4152,2026-02-08,11,5,Mayorista
4153,2026-02-08,14,1,Mayorista
4154,2026-02-08,15,5,Tienda
4155,2026-02-08,10,4,Mayorista
4156,2026-02-08,3,4,Mayorista
4157,2026-02-08,21,5,Online
4158,2026-02-08,2,7,Tienda
4159,2026-02-08,26,2,Tienda
4160,2026-02-08,28,2,Mayorista
4161,2026-02-08,22,5,Online
4162,2026-02-08,18,3,Mayorista
4163,2026-02-08,20,7,Mayorista
4164,2026-02-08,20,7,Tienda
4165,2026-02-08,29,2,Mayorista
4166,2026-02-08,30,4,Tienda
4167,2026-02-08,14,7,Mayorista
4168,2026-02-08,20,2,Online
4169,2026-02-08,26,6,Tienda
4170,2026-02-08,1,4,Tienda
4171,2026-02-08,16,4,Tienda
4172,2026-02-08,20,7,Tienda
4173,2026-02-08,23,1,Mayorista
4174,2026-02-08,12,4,Mayorista
4175,2026-02-08,11,7,Tienda
4176,2026-02-08,7,3,Tienda
4177,2026-02-08,17,5,Tienda
4178,2026-02-08,28,4,Tienda
4179,2026-02-09,10,6,Tienda
4180,2026-02-09,6,6,Online
4181,2026-02-09,6,5,Tienda
4182,2026-02-09,22,5,Mayorista
4183,2026-02-09,9,5,Mayorista
4184,2026-02-09,5,4,Online
4185,2026-02-09,30,6,Mayorista
4186,2026-02-09,10,3,Tienda
4187,2026-02-09,28,5,Tienda
4188,2026-02-09,19,4,Tienda
4189,2026-02-09,23,6,Tienda
4190,2026-02-09,17,5,Mayorista
4191,2026-02-09,7,5,Online
4192,2026-02-09,27,7,Tienda
4193,2026-02-09,26,5,Tienda
4194,2026-02-09,12,6,Mayorista
4195,2026-02-09,24,3,Mayorista
4196,2026-02-09,16,4,Tienda
4197,2026-02-09,28,3,Mayorista
4198,2026-02-09,26,2,Tienda
4199,2026-02-09,2,1,Mayorista
4200,2026-02-09,27,7,Tienda
4201,2026-02-09,30,4,Tienda
4202,2026-02-10,11,4,Tienda
4203,2026-02-10,19,4,Tienda
4204,2026-02-10,26,2,Tienda
4205,2026-02-10,27,3,Tienda
4206,2026-02-10,14,7,Tienda
4207,2026-02-10,12,5,Mayorista
4208,2026-02-10,10,3,Tienda
4209,2026-02-10,5,1,Tienda
4210,2026-02-10,12,7,Mayorista
4211,2026-02-10,27,3,Tienda
4212,2026-02-10,14,3,Tienda
4213,2026-02-10,11,1,Online
4214,2026-02-10,24,2,Online
4215,2026-02-10,9,7,Tienda
4216,2026-02-10,10,5,Online
4217,2026-02-10,29,1,Mayorista
4218,2026-02-10,3,3,Online
4219,2026-02-10,14,4,Mayorista
4220,2026-02-10,17,5,Tienda
4221,2026-02-11,21,1,Tienda
4222,2026-02-11,12,4,Tienda
4223,2026-02-11,2,1,Online
4224,2026-02-11,26,4,Mayorista
4225,2026-02-11,2,1,Online
4226,2026-02-11,21,4,Tienda
4227,2026-02-11,6,2,Tienda
4228,2026-02-11,14,7,Tienda
4229,2026-02-11,27,1,Tienda
4230,2026-02-11,4,2,Online
4231,2026-02-11,21,7,Tienda
4232,2026-02-11,19,2,Tienda
4233,2026-02-11,27,2,Online
4234,2026-02-11,6,7,Mayorista
4235,2026-02-11,26,5,Mayorista
4236,2026-02-11,14,7,Tienda
4237,2026-02-11,14,1,Tienda
4238,2026-02-11,12,2,Tienda
4239,2026-02-11,13,3,Tienda
4240,2026-02-11,16,6,Tienda
4241,2026-02-11,4,3,Tienda
4242,2026-02-11,14,5,Tienda
4243,2026-02-11,20,2,Online
4244,2026-02-12,10,1,Online
4245,2026-02-12,24,3,Tienda
4246,2026-02-12,7,6,Online
4247,2026-02-12,2,7,Mayorista
4248,2026-02-12,28,6,Tienda
4249,2026-02-12,27,3,Tienda
4250,2026-02-12,7,4,Online
4251,2026-02-12,10,2,Tienda
4252,2026-02-12,7,7,Tienda
4253,2026-02-12,23,6,Tienda
4254,2026-02-12,10,1,Mayorista
4255,2026-02-12,29,4,Tienda
4256,2026-02-12,26,1,Mayorista
4257,2026-02-12,18,3,Tienda
4258,2026-02-12,1,4,Tienda
4259,2026-02-12,27,1,Tienda
4260,2026-02-13,20,3,Tienda
4261,2026-02-13,19,6,Tienda
4262,2026-02-13,2,6,Online
4263,2026-02-13,6,6,Tienda
4264,2026-02-13,6,1,Tienda
4265,2026-02-13,4,3,Tienda
4266,2026-02-13,23,2,Online
4267,2026-02-13,5,2,Online
4268,2026-02-13,21,5,Tienda
4269,2026-02-13,7,3,Tienda
4270,2026-02-13,5,7,Mayorista
4271,2026-02-13,6,4,Tienda
4272,2026-02-13,16,6,Tienda
4273,2026-02-13,20,1,Online
4274,2026-02-13,26,6,Tienda
4275,2026-02-13,5,1,Tienda
4276,2026-02-13,20,6,Tienda
4277,2026-02-13,24,3,Mayorista
4278,2026-02-13,11,5,Tienda
4279,2026-02-13,3,7,Tienda
4280,2026-02-13,6,2,Tienda
4281,2026-02-13,4,7,Tienda
4282,2026-02-13,27,4,Online
4283,2026-02-13,12,3,Tienda
4284,2026-02-14,10,2,Tienda
4285,2026-02-14,12,5,Tienda
4286,2026-02-14,15,7,Mayorista
4287,2026-02-14,10,6,Tienda
4288,2026-02-14,17,7,Tienda
4289,2026-02-14,27,3,Tienda
4290,2026-02-14,16,6,Tienda
4291,2026-02-14,11,5,Tienda
4292,2026-02-14,3,4,Mayorista
4293,2026-02-14,5,7,Mayorista
4294,2026-02-14,17,6,Online
4295,2026-02-14,21,3,Tienda
4296,2026-02-14,2,5,Mayorista
4297,2026-02-14,7,4,Mayorista
4298,2026-02-14,11,7,Online
4299,2026-02-14,11,2,Tienda
4300,2026-02-14,29,5,Mayorista
4301,2026-02-14,8,5,Tienda
4302,2026-02-14,3,1,Tienda
4303,2026-02-14,12,1,Tienda
4304,2026-02-14,5,5,Tienda
4305,2026-02-14,5,7,Tienda
4306,2026-02-14,14,1,Tienda
4307,2026-02-14,11,1,Online
4308,2026-02-14,4,1,Tienda
4309,2026-02-14,19,5,Tienda
4310,2026-02-14,15,3,Tienda
4311,2026-02-15,12,6,Mayorista
4312,2026-02-15,21,1,Tienda
4313,2026-02-15,2,5,Tienda
4314,2026-02-15,26,7,Online
4315,2026-02-15,30,5,Tienda
4316,2026-02-15,19,7,Online
4317,2026-02-15,29,4,Online
4318,2026-02-15,14,5,Tienda
4319,2026-02-15,14,6,Tienda
4320,2026-02-15,4,4,Mayorista
4321,2026-02-15,2,6,Tienda
4322,2026-02-15,10,1,Mayorista
4323,2026-02-15,15,1,Tienda
4324,2026-02-15,16,3,Tienda
4325,2026-02-15,9,3,Tienda
4326,2026-02-15,19,5,Tienda
4327,2026-02-15,7,3,Tienda
4328,2026-02-15,11,4,Tienda
4329,2026-02-15,7,3,Online
4330,2026-02-15,21,1,Tienda
4331,2026-02-15,16,4,Tienda
4332,2026-02-15,23,3,Tienda
4333,2026-02-15,2,6,Tienda
4334,2026-02-15,14,5,Mayorista
4335,2026-02-15,30,4,Mayorista
4336,2026-02-15,2,5,Online
4337,2026-02-15,14,4,Mayorista
4338,2026-02-15,2,2,Online
4339,2026-02-15,6,7,Tienda
4340,2026-02-15,15,5,Tienda
4341,2026-02-15,6,7,Tienda
4342,2026-02-15,16,5,Online
4343,2026-02-15,28,4,Tienda
4344,2026-02-15,7,3,Tienda
4345,2026-02-16,26,2,Mayorista
4346,2026-02-16,17,1,Tienda
4347,2026-02-16,29,2,Online
4348,2026-02-16,24,1,Mayorista
4349,2026-02-16,24,2,Tienda
4350,2026-02-16,16,4,Tienda
4351,2026-02-16,26,4,Online
4352,2026-02-16,29,2,Mayorista
4353,2026-02-16,23,3,Tienda
4354,2026-02-16,4,3,Tienda
4355,2026-02-16,20,6,Tienda
4356,2026-02-16,5,1,Tienda
4357,2026-02-16,3,3,Tienda
4358,2026-02-16,21,6,Online
4359,2026-02-16,26,4,Mayorista
4360,2026-02-16,6,4,Mayorista
4361,2026-02-17,24,2,Tienda
4362,2026-02-17,2,1,Tienda
4363,2026-02-17,9,7,Online
4364,2026-02-17,2,6,Mayorista
4365,2026-02-17,28,4,Online
4366,2026-02-17,1,5,Tienda
4367,2026-02-17,15,7,Tienda
4368,2026-02-17,14,5,Tienda
4369,2026-02-17,20,1,Mayorista
4370,2026-02-17,11,7,Tienda
4371,2026-02-17,27,1,Tienda
4372,2026-02-17,23,6,Tienda
4373,2026-02-17,14,6,Tienda
4374,2026-02-17,12,1,Online
4375,2026-02-17,26,6,Tienda
4376,2026-02-17,24,3,Mayorista
4377,2026-02-17,13,2,Tienda
4378,2026-02-17,12,4,Tienda
4379,2026-02-17,2,5,Tienda
4380,2026-02-17,3,4,Tienda
4381,2026-02-18,15,2,Tienda
4382,2026-02-18,1,2,Tienda
4383,2026-02-18,27,5,Online
4384,2026-02-18,11,6,Mayorista
4385,2026-02-18,10,5,Tienda
4386,2026-02-18,30,1,Mayorista
4387,2026-02-18,18,5,Online
4388,2026-02-18,5,3,Tienda
4389,2026-02-18,10,5,Tienda
4390,2026-02-18,12,3,Online
4391,2026-02-18,30,3,Mayorista
4392,2026-02-18,14,1,Tienda
4393,2026-02-18,10,7,Online
4394,2026-02-18,17,1,Tienda
4395,2026-02-18,14,5,Mayorista
4396,2026-02-18,2,2,Online
4397,2026-02-18,27,7,Mayorista
4398,2026-02-18,2,5,Tienda
4399,2026-02-18,28,1,Tienda
4400,2026-02-18,26,4,Tienda
4401,2026-02-18,3,5,Tienda
4402,2026-02-18,23,4,Online
4403,2026-02-18,24,2,Tienda
4404,2026-02-18,19,4,Mayorista
4405,2026-02-18,17,2,Tienda
4406,2026-02-18,2,7,Mayorista
4407,2026-02-18,3,4,Tienda
4408,2026-02-18,23,6,Tienda
4409,2026-02-18,4,7,Online
4410,2026-02-19,24,2,Tienda
4411,2026-02-19,11,6,Online
4412,2026-02-19,13,1,Tienda
4413,2026-02-19,27,6,Tienda
4414,2026-02-19,30,1,Tienda
4415,2026-02-19,25,2,Tienda
4416,2026-02-19,9,4,Online
4417,2026-02-19,4,1,Tienda
4418,2026-02-19,8,7,Tienda
4419,2026-02-19,14,3,Tienda
4420,2026-02-19,10,2,Tienda
4421,2026-02-19,28,7,Tienda
4422,2026-02-19,21,6,Tienda
4423,2026-02-19,14,7,Mayorista
4424,2026-02-19,10,5,Tienda
4425,2026-02-19,12,4,Mayorista
4426,2026-02-19,15,2,Tienda
4427,2026-02-19,22,3,Online
4428,2026-02-19,4,5,Tienda
4429,2026-02-19,27,2,Tienda
4430,2026-02-19,5,2,Tienda
4431,2026-02-19,10,6,Online
4432,2026-02-19,30,4,Online
4433,2026-02-20,14,5,Tienda
4434,2026-02-20,19,7,Online
4435,2026-02-20,18,4,Online
4436,2026-02-20,7,4,Tienda
4437,2026-02-20,18,3,Tienda
4438,2026-02-20,12,6,Tienda
4439,2026-02-20,12,3,Mayorista
4440,2026-02-20,26,3,Tienda
4441,2026-02-20,14,6,Tienda
4442,2026-02-20,16,3,Tienda
4443,2026-02-20,17,1,Mayorista
4444,2026-02-20,17,7,Mayorista
4445,2026-02-20,8,3,Tienda
4446,2026-02-20,18,6,Tienda
4447,2026-02-20,11,3,Online
4448,2026-02-20,20,5,Tienda
4449,2026-02-20,6,1,Tienda
4450,2026-02-20,30,6,Tienda
4451,2026-02-20,24,2,Mayorista
4452,2026-02-20,14,3,Online
4453,2026-02-20,11,7,Online
4454,2026-02-20,13,4,Online
4455,2026-02-20,23,7,Online
4456,2026-02-20,20,3,Tienda
4457,2026-02-20,22,7,Tienda
4458,2026-02-21,3,4,Tienda
4459,2026-02-21,15,2,Mayorista
4460,2026-02-21,20,6,Mayorista
4461,2026-02-21,20,1,Tienda
4462,2026-02-21,2,6,Online
4463,2026-02-21,4,1,Tienda
4464,2026-02-21,12,5,Mayorista
4465,2026-02-21,27,3,Tienda
4466,2026-02-21,27,3,Mayorista
4467,2026-02-21,11,7,Tienda
4468,2026-02-21,23,3,Tienda
4469,2026-02-21,17,5,Mayorista
4470,2026-02-21,30,6,Tienda
4471,2026-02-21,4,6,Tienda
4472,2026-02-21,16,5,Online
4473,2026-02-21,18,6,Mayorista
4474,2026-02-21,11,5,Tienda
4475,2026-02-21,2,2,Tienda
4476,2026-02-21,2,3,Tienda
4477,2026-02-21,14,7,Tienda
4478,2026-02-21,21,4,Tienda
4479,2026-02-21,22,2,Tienda
4480,2026-02-21,7,7,Tienda
4481,2026-02-21,27,1,Tienda
4482,2026-02-21,12,6,Tienda
4483,2026-02-21,30,6,Tienda
4484,2026-02-22,9,3,Tienda
4485,2026-02-22,2,4,Tienda
4486,2026-02-22,1,6,Online
4487,2026-02-22,12,7,Online
4488,2026-02-22,12,6,Online
4489,2026-02-22,29,5,Tienda
4490,2026-02-22,2,5,Tienda
4491,2026-02-22,16,6,Mayorista
4492,2026-02-22,17,6,Tienda
4493,2026-02-22,22,7,Mayorista
4494,2026-02-22,20,7,Tienda
4495,2026-02-22,1,7,Online
4496,2026-02-22,20,6,Tienda
4497,2026-02-22,11,7,Tienda
4498,2026-02-22,24,1,Online
4499,2026-02-22,7,1,Online
4500,2026-02-22,23,3,Online
4501,2026-02-22,20,1,Tienda
4502,2026-02-22,20,5,Tienda
4503,2026-02-22,6,5,Tienda
4504,2026-02-22,21,2,Tienda
4505,2026-02-22,23,1,Tienda
4506,2026-02-22,15,1,Tienda
4507,2026-02-22,12,1,Tienda
4508,2026-02-22,6,4,Mayorista
4509,2026-02-23,20,4,Mayorista
4510,2026-02-23,2,7,Mayorista
4511,2026-02-23,28,7,Tienda
4512,2026-02-23,27,6,Tienda
4513,2026-02-23,20,6,Online
4514,2026-02-23,16,3,Tienda
4515,2026-02-23,14,7,Tienda
4516,2026-02-23,15,2,Tienda
4517,2026-02-23,24,4,Tienda
4518,2026-02-23,16,5,Tienda
4519,2026-02-23,6,4,Online
4520,2026-02-23,3,3,Tienda
4521,2026-02-23,5,2,Online
4522,2026-02-23,10,1,Tienda
4523,2026-02-23,12,6,Tienda
4524,2026-02-23,28,6,Mayorista
4525,2026-02-23,10,6,Tienda
4526,2026-02-23,11,3,Mayorista
4527,2026-02-23,9,6,Online
4528,2026-02-23,16,1,Tienda
4529,2026-02-23,20,2,Tienda
4530,2026-02-23,16,4,Tienda
4531,2026-02-24,6,7,Online
4532,2026-02-24,12,6,Tienda
4533,2026-02-24,10,7,Tienda
4534,2026-02-24,13,3,Online
4535,2026-02-24,29,4,Mayorista
4536,2026-02-24,4,6,Online
4537,2026-02-24,14,2,Tienda
4538,2026-02-24,14,5,Online
4539,2026-02-24,10,6,Online
4540,2026-02-24,10,7,Mayorista
4541,2026-02-24,23,7,Tienda
4542,2026-02-24,20,7,Online
4543,2026-02-24,26,2,Tienda
4544,2026-02-24,14,4,Tienda
4545,2026-02-24,19,3,Tienda
4546,2026-02-24,28,2,Online
4547,2026-02-24,27,3,Tienda
4548,2026-02-24,28,1,Tienda
4549,2026-02-24,10,4,Mayorista
4550,2026-02-24,30,4,Tienda
4551,2026-02-24,26,3,Mayorista
4552,2026-02-24,26,1,Mayorista
4553,2026-02-24,21,6,Online
4554,2026-02-24,30,5,Tienda
4555,2026-02-24,14,2,Tienda
4556,2026-02-24,24,6,Tienda
4557,2026-02-24,22,3,Online
4558,2026-02-25,4,2,Tienda
4559,2026-02-25,23,4,Tienda
4560,2026-02-25,11,2,Tienda
4561,2026-02-25,16,4,Mayorista
4562,2026-02-25,11,2,Online
4563,2026-02-25,25,6,Tienda
4564,2026-02-25,9,7,Mayorista
4565,2026-02-25,29,5,Tienda
4566,2026-02-25,11,3,Online
4567,2026-02-25,4,4,Tienda
4568,2026-02-25,10,1,Online
4569,2026-02-25,3,3,Tienda
4570,2026-02-25,15,5,Tienda
4571,2026-02-25,10,7,Mayorista
4572,2026-02-25,27,1,Tienda
4573,2026-02-25,16,3,Tienda
4574,2026-02-25,10,2,Mayorista
4575,2026-02-25,14,1,Tienda
4576,2026-02-26,28,6,Online
4577,2026-02-26,3,4,Tienda
4578,2026-02-26,13,5,Tienda
4579,2026-02-26,2,5,Tienda
4580,2026-02-26,30,5,Tienda
4581,2026-02-26,28,2,Tienda
4582,2026-02-26,18,1,Mayorista
4583,2026-02-26,9,6,Tienda
4584,2026-02-26,10,4,Mayorista
4585,2026-02-26,14,7,Tienda
4586,2026-02-26,11,3,Tienda
4587,2026-02-26,2,1,Online
4588,2026-02-26,20,6,Online
4589,2026-02-26,20,1,Tienda
4590,2026-02-26,28,3,Tienda
4591,2026-02-26,15,5,Tienda
4592,2026-02-26,12,7,Online
4593,2026-02-26,16,7,Tienda
4594,2026-02-26,7,5,Tienda
4595,2026-02-26,20,6,Tienda
4596,2026-02-26,24,1,Mayorista
4597,2026-02-26,6,5,Mayorista
4598,2026-02-26,11,4,Tienda
4599,2026-02-26,27,4,Mayorista
4600,2026-02-26,16,3,Mayorista
4601,2026-02-26,16,2,Online
4602,2026-02-26,23,3,Mayorista
4603,2026-02-26,17,2,Online
4604,2026-02-26,3,6,Tienda
4605,2026-02-26,26,1,Tienda
4606,2026-02-26,28,1,Tienda
4607,2026-02-26,2,6,Tienda
4608,2026-02-26,5,2,Tienda
4609,2026-02-27,13,6,Tienda
4610,2026-02-27,5,1,Tienda
4611,2026-02-27,27,4,Tienda
4612,2026-02-27,19,6,Mayorista
4613,2026-02-27,6,4,Online
4614,2026-02-27,14,7,Tienda
4615,2026-02-27,14,2,Tienda
4616,2026-02-27,19,5,Mayorista
4617,2026-02-27,19,1,Tienda
4618,2026-02-27,20,4,Tienda
4619,2026-02-27,22,1,Mayorista
4620,2026-02-27,4,6,Tienda
4621,2026-02-27,11,6,Online
4622,2026-02-27,2,4,Mayorista
4623,2026-02-27,14,5,Tienda
4624,2026-02-27,14,6,Online
4625,2026-02-27,23,7,Tienda
4626,2026-02-27,6,7,Tienda
4627,2026-02-27,20,5,Tienda
4628,2026-02-27,11,1,Online
4629,2026-02-27,13,7,Tienda
4630,2026-02-27,23,2,Tienda
4631,2026-02-28,16,1,Tienda
4632,2026-02-28,22,2,Online
4633,2026-02-28,4,3,Tienda
4634,2026-02-28,27,1,Tienda
4635,2026-02-28,23,3,Tienda
4636,2026-02-28,5,2,Tienda
4637,2026-02-28,30,5,Tienda
4638,2026-02-28,2,2,Online
4639,2026-02-28,20,4,Online
4640,2026-02-28,6,6,Online
4641,2026-02-28,23,4,Tienda
4642,2026-02-28,3,7,Online
4643,2026-02-28,3,1,Tienda
4644,2026-02-28,15,3,Tienda
4645,2026-02-28,30,3,Online
4646,2026-02-28,10,2,Tienda
4647,2026-02-28,19,1,Mayorista
4648,2026-02-28,16,5,Tienda
4649,2026-02-28,27,2,Tienda
4650,2026-02-28,11,1,Tienda
4651,2026-02-28,17,3,Online
4652,2026-02-28,29,7,Online
4653,2026-02-28,11,3,Online
4654,2026-02-28,14,4,Online
4655,2026-02-28,28,5,Tienda
4656,2026-02-28,11,1,Tienda
4657,2026-02-28,12,6,Mayorista
4658,2026-02-28,11,4,Tienda
4659,2026-02-28,26,2,Mayorista
4660,2026-02-28,28,4,Tienda
4661,2026-02-28,20,5,Mayorista
4662,2026-02-28,20,1,Mayorista
4663,2026-02-28,13,3,Tienda
4664,2026-02-28,1,5,Mayorista
4665,2026-02-28,6,1,Online
4666,2026-03-01,26,6,Tienda
4667,2026-03-01,27,5,Tienda
4668,2026-03-01,17,2,Tienda
4669,2026-03-01,16,6,Tienda
4670,2026-03-01,22,7,Tienda
4671,2026-03-01,16,2,Online
4672,2026-03-01,14,1,Tienda
4673,2026-03-01,3,3,Online
4674,2026-03-01,5,7,Tienda
4675,2026-03-01,24,7,Tienda
4676,2026-03-01,2,5,Mayorista
4677,2026-03-01,2,5,Tienda
4678,2026-03-01,28,7,Online
4679,2026-03-01,22,2,Tienda
4680,2026-03-01,1,2,Online
4681,2026-03-01,11,1,Tienda
4682,2026-03-01,24,7,Online
4683,2026-03-01,14,1,Tienda
4684,2026-03-01,15,6,Online
4685,2026-03-01,15,2,Online
4686,2026-03-01,7,5,Mayorista
4687,2026-03-01,23,7,Tienda
4688,2026-03-01,4,1,Tienda
4689,2026-03-02,27,1,Mayorista
4690,2026-03-02,14,4,Tienda
4691,2026-03-02,21,3,Tienda
4692,2026-03-02,12,3,Tienda
4693,2026-03-02,11,6,Tienda
4694,2026-03-02,26,3,Tienda
4695,2026-03-02,20,6,Tienda
4696,2026-03-02,12,2,Tienda
4697,2026-03-02,28,5,Online
4698,2026-03-02,15,2,Online
4699,2026-03-02,7,2,Tienda
4700,2026-03-02,15,3,Tienda
4701,2026-03-02,21,2,Tienda
4702,2026-03-02,12,1,Online
4703,2026-03-02,27,1,Tienda
4704,2026-03-02,16,5,Mayorista
4705,2026-03-03,26,3,Tienda
4706,2026-03-03,14,7,Tienda
4707,2026-03-03,6,1,Online
4708,2026-03-03,6,2,Mayorista
4709,2026-03-03,28,2,Mayorista
4710,2026-03-03,10,7,Tienda
4711,2026-03-03,27,2,Tienda
4712,2026-03-03,15,4,Mayorista
4713,2026-03-03,15,6,Tienda
4714,2026-03-03,20,2,Tienda
4715,2026-03-03,8,5,Tienda
4716,2026-03-03,14,2,Tienda
4717,2026-03-03,29,4,Online
4718,2026-03-03,10,7,Tienda
4719,2026-03-03,28,1,Tienda
4720,2026-03-04,17,6,Online
4721,2026-03-04,13,1,Mayorista
4722,2026-03-04,7,6,Mayorista
4723,2026-03-04,18,1,Mayorista
4724,2026-03-04,24,5,Mayorista
4725,2026-03-04,24,7,Online
4726,2026-03-04,12,1,Tienda
4727,2026-03-04,16,7,Tienda
4728,2026-03-04,24,3,Tienda
4729,2026-03-04,2,1,Tienda
4730,2026-03-04,3,1,Tienda
4731,2026-03-04,12,7,Mayorista
4732,2026-03-04,9,5,Mayorista
4733,2026-03-04,12,5,Tienda
4734,2026-03-04,4,4,Mayorista
4735,2026-03-04,18,1,Mayorista
4736,2026-03-04,21,1,Online
4737,2026-03-04,26,1,Tienda
4738,2026-03-04,20,4,Tienda
4739,2026-03-04,13,6,Tienda
4740,2026-03-04,29,4,Mayorista
4741,2026-03-04,23,3,Tienda
4742,2026-03-04,16,5,Tienda
4743,2026-03-04,8,1,Tienda
4744,2026-03-04,20,4,Online
4745,2026-03-04,18,4,Online
4746,2026-03-05,26,5,Tienda
4747,2026-03-05,21,6,Tienda
4748,2026-03-05,22,1,Online
4749,2026-03-05,16,3,Tienda
4750,2026-03-05,27,5,Mayorista
4751,2026-03-05,9,3,Mayorista
4752,2026-03-05,13,4,Online
4753,2026-03-05,26,6,Online
4754,2026-03-05,5,1,Tienda
4755,2026-03-05,26,7,Tienda
4756,2026-03-05,12,5,Tienda
4757,2026-03-05,5,7,Tienda
4758,2026-03-05,3,7,Tienda
4759,2026-03-05,27,7,Tienda
4760,2026-03-05,25,2,Mayorista
4761,2026-03-05,11,6,Mayorista
4762,2026-03-05,5,5,Tienda
4763,2026-03-05,10,3,Tienda
4764,2026-03-05,8,3,Tienda
4765,2026-03-05,23,7,Tienda
4766,2026-03-05,9,6,Tienda
4767,2026-03-06,2,5,Mayorista
4768,2026-03-06,22,3,Tienda
4769,2026-03-06,16,1,Mayorista
4770,2026-03-06,27,4,Online
4771,2026-03-06,21,2,Tienda
4772,2026-03-06,1,3,Tienda
4773,2026-03-06,8,4,Tienda
4774,2026-03-06,10,4,Online
4775,2026-03-06,22,4,Tienda
4776,2026-03-06,16,6,Tienda
4777,2026-03-06,24,5,Tienda
4778,2026-03-06,16,3,Tienda
4779,2026-03-06,11,7,Tienda
4780,2026-03-06,4,5,Mayorista
4781,2026-03-06,7,7,Tienda
4782,2026-03-06,13,3,Tienda
4783,2026-03-06,17,5,Tienda
4784,2026-03-06,29,5,Tienda
4785,2026-03-06,10,4,Online
4786,2026-03-06,20,3,Mayorista
4787,2026-03-06,6,5,Tienda
4788,2026-03-06,22,3,Tienda
4789,2026-03-06,1,6,Mayorista
4790,2026-03-06,20,3,Tienda
4791,2026-03-06,6,1,Mayorista
4792,2026-03-06,7,5,Online
4793,2026-03-06,17,1,Tienda
4794,2026-03-06,12,2,Tienda
4795,2026-03-06,15,5,Mayorista
4796,2026-03-07,6,3,Tienda
4797,2026-03-07,7,7,Online
4798,2026-03-07,19,6,Mayorista
4799,2026-03-07,24,2,Mayorista
4800,2026-03-07,20,3,Online
4801,2026-03-07,11,7,Tienda
4802,2026-03-07,3,2,Online
4803,2026-03-07,15,6,Online
4804,2026-03-07,15,2,Tienda
4805,2026-03-07,24,6,Tienda
4806,2026-03-07,20,4,Mayorista
4807,2026-03-07,27,5,Online
4808,2026-03-07,25,6,Online
4809,2026-03-07,12,3,Mayorista
4810,2026-03-07,20,5,Tienda
4811,2026-03-07,24,4,Tienda
4812,2026-03-07,29,4,Tienda
4813,2026-03-07,14,1,Tienda
4814,2026-03-07,20,6,Online
4815,2026-03-07,13,6,Tienda
4816,2026-03-07,24,7,Tienda
4817,2026-03-07,28,5,Tienda
4818,2026-03-07,28,5,Online
4819,2026-03-07,6,6,Tienda
4820,2026-03-08,11,4,Mayorista
4821,2026-03-08,10,3,Tienda
4822,2026-03-08,14,1,Tienda
4823,2026-03-08,28,1,Tienda
4824,2026-03-08,5,2,Online
4825,2026-03-08,11,6,Tienda
4826,2026-03-08,7,2,Mayorista
4827,2026-03-08,14,7,Tienda
4828,2026-03-08,5,3,Tienda
4829,2026-03-08,24,1,Tienda
4830,2026-03-08,4,1,Online
4831,2026-03-08,20,1,Tienda
4832,2026-03-08,10,3,Online
4833,2026-03-08,15,2,Tienda
4834,2026-03-08,7,3,Mayorista
4835,2026-03-08,23,2,Tienda
4836,2026-03-08,29,3,Online
4837,2026-03-08,9,2,Online
4838,2026-03-08,29,5,Online
4839,2026-03-08,11,7,Tienda
4840,2026-03-08,17,4,Online
4841,2026-03-08,22,2,Online
4842,2026-03-08,7,5,Tienda
4843,2026-03-08,14,2,Tienda
4844,2026-03-08,3,6,Tienda
4845,2026-03-08,22,7,Tienda
4846,2026-03-08,14,3,Online
4847,2026-03-08,28,4,Online
4848,2026-03-08,10,2,Tienda
4849,2026-03-09,16,3,Mayorista
4850,2026-03-09,23,2,Online
4851,2026-03-09,13,7,Tienda
4852,2026-03-09,10,7,Mayorista
4853,2026-03-09,11,3,Online
4854,2026-03-09,4,3,Mayorista
4855,2026-03-09,2,7,Tienda
4856,2026-03-09,30,2,Tienda
4857,2026-03-09,4,7,Tienda
4858,2026-03-09,5,6,Mayorista
4859,2026-03-09,27,7,Tienda
4860,2026-03-09,20,3,Tienda
4861,2026-03-09,14,2,Tienda
4862,2026-03-09,20,7,Tienda
4863,2026-03-09,29,4,Mayorista
4864,2026-03-09,4,2,Online
4865,2026-03-10,13,7,Tienda
4866,2026-03-10,14,3,Tienda
4867,2026-03-10,26,5,Tienda
4868,2026-03-10,17,6,Online
4869,2026-03-10,14,5,Tienda
4870,2026-03-10,23,5,Tienda
4871,2026-03-10,14,5,Online
4872,2026-03-10,5,3,Online
4873,2026-03-10,4,5,Tienda
4874,2026-03-10,11,6,Online
4875,2026-03-10,19,6,Tienda
4876,2026-03-10,5,2,Tienda
4877,2026-03-10,17,7,Online
4878,2026-03-10,10,2,Mayorista
4879,2026-03-10,21,1,Tienda
4880,2026-03-10,2,1,Online
4881,2026-03-10,15,2,Online
4882,2026-03-10,2,7,Tienda
4883,2026-03-11,9,5,Tienda
4884,2026-03-11,28,2,Online
4885,2026-03-11,28,4,Mayorista
4886,2026-03-11,29,5,Mayorista
4887,2026-03-11,11,7,Online
4888,2026-03-11,23,2,Tienda
4889,2026-03-11,20,4,Tienda
4890,2026-03-11,2,3,Tienda
4891,2026-03-11,10,3,Tienda
4892,2026-03-11,8,2,Tienda
4893,2026-03-11,12,4,Tienda
4894,2026-03-11,29,7,Tienda
4895,2026-03-11,27,2,Tienda
4896,2026-03-11,11,7,Tienda
4897,2026-03-11,16,4,Tienda
4898,2026-03-11,7,7,Tienda
4899,2026-03-12,26,4,Mayorista
4900,2026-03-12,2,2,Tienda
4901,2026-03-12,20,6,Online
4902,2026-03-12,22,1,Tienda
4903,2026-03-12,30,3,Online
4904,2026-03-12,6,3,Tienda
4905,2026-03-12,10,4,Tienda
4906,2026-03-12,29,5,Tienda
4907,2026-03-12,20,4,Tienda
4908,2026-03-12,2,5,Mayorista
4909,2026-03-12,3,5,Mayorista
4910,2026-03-12,25,7,Tienda
4911,2026-03-12,17,3,Mayorista
4912,2026-03-12,17,2,Tienda
4913,2026-03-12,27,6,Mayorista
4914,2026-03-12,10,5,Tienda
4915,2026-03-12,6,1,Online
4916,2026-03-12,20,1,Tienda
4917,2026-03-12,27,4,Tienda
4918,2026-03-12,10,2,Online
4919,2026-03-12,21,3,Tienda
4920,2026-03-12,6,3,Online
4921,2026-03-13,11,2,Tienda
4922,2026-03-13,2,7,Tienda
4923,2026-03-13,16,3,Online
4924,2026-03-13,11,3,Tienda
4925,2026-03-13,11,2,Tienda
4926,2026-03-13,28,5,Tienda
4927,2026-03-13,6,1,Tienda
4928,2026-03-13,29,6,Tienda
4929,2026-03-13,15,4,Tienda
4930,2026-03-13,26,2,Tienda
4931,2026-03-13,10,4,Tienda
4932,2026-03-13,20,6,Tienda
4933,2026-03-13,17,4,Tienda
4934,2026-03-13,28,2,Mayorista
4935,2026-03-13,7,6,Tienda
4936,2026-03-13,8,3,Tienda
4937,2026-03-13,29,6,Mayorista
4938,2026-03-13,4,7,Tienda
4939,2026-03-13,20,7,Online
4940,2026-03-13,3,5,Online
4941,2026-03-13,3,7,Online
4942,2026-03-13,18,4,Tienda
4943,2026-03-13,17,3,Tienda
4944,2026-03-13,17,2,Tienda
4945,2026-03-13,15,5,Tienda
4946,2026-03-13,24,1,Mayorista
4947,2026-03-14,3,5,Tienda
4948,2026-03-14,21,3,Tienda
4949,2026-03-14,15,7,Tienda
4950,2026-03-14,6,7,Tienda
4951,2026-03-14,26,6,Online
4952,2026-03-14,9,2,Tienda
4953,2026-03-14,3,5,Tienda
4954,2026-03-14,24,3,Mayorista
4955,2026-03-14,19,6,Tienda
4956,2026-03-14,13,4,Tienda
4957,2026-03-14,21,4,Tienda
4958,2026-03-14,28,1,Tienda
4959,2026-03-14,2,1,Tienda
4960,2026-03-14,20,4,Tienda
4961,2026-03-14,9,3,Tienda
4962,2026-03-14,15,1,Tienda
4963,2026-03-14,14,7,Tienda
4964,2026-03-14,13,1,Online
4965,2026-03-14,7,6,Online
4966,2026-03-14,26,7,Tienda
4967,2026-03-14,12,5,Mayorista
4968,2026-03-14,27,7,Tienda
4969,2026-03-14,12,3,Online
4970,2026-03-14,26,1,Mayorista
4971,2026-03-14,16,2,Online
4972,2026-03-14,13,6,Tienda
4973,2026-03-14,22,5,Tienda
4974,2026-03-14,25,7,Tienda
4975,2026-03-14,15,3,Tienda
4976,2026-03-14,14,6,Tienda
4977,2026-03-14,17,5,Tienda
4978,2026-03-14,18,2,Tienda
4979,2026-03-14,14,2,Tienda
4980,2026-03-14,24,4,Tienda
4981,2026-03-15,25,4,Tienda
4982,2026-03-15,26,5,Online
4983,2026-03-15,3,4,Tienda
4984,2026-03-15,20,3,Tienda
4985,2026-03-15,20,5,Online
4986,2026-03-15,6,2,Tienda
4987,2026-03-15,17,7,Tienda
4988,2026-03-15,10,1,Tienda
4989,2026-03-15,2,1,Tienda
4990,2026-03-15,27,6,Online
4991,2026-03-15,15,3,Tienda
4992,2026-03-15,25,7,Online
4993,2026-03-15,23,5,Tienda
4994,2026-03-15,30,1,Tienda
4995,2026-03-15,14,7,Tienda
4996,2026-03-15,14,1,Tienda
4997,2026-03-15,10,4,Tienda
4998,2026-03-15,20,6,Mayorista
4999,2026-03-15,15,3,Online
5000,2026-03-15,23,4,Tienda
5001,2026-03-15,12,4,Tienda
5002,2026-03-15,5,4,Mayorista
5003,2026-03-15,27,6,Tienda
5004,2026-03-15,26,7,Online
5005,2026-03-15,12,7,Tienda
5006,2026-03-16,26,5,Tienda
5007,2026-03-16,12,5,Tienda
5008,2026-03-16,16,4,Online
5009,2026-03-16,5,3,Tienda
5010,2026-03-16,28,6,Online
5011,2026-03-16,4,2,Online
5012,2026-03-16,8,7,Tienda
5013,2026-03-16,11,4,Mayorista
5014,2026-03-16,26,4,Tienda
5015,2026-03-16,22,1,Tienda
5016,2026-03-16,1,1,Mayorista
5017,2026-03-16,7,1,Tienda
5018,2026-03-16,24,2,Online
5019,2026-03-16,14,6,Tienda
5020,2026-03-16,2,2,Tienda
5021,2026-03-16,30,5,Mayorista
5022,2026-03-17,15,2,Tienda
5023,2026-03-17,5,2,Tienda
5024,2026-03-17,5,7,Tienda
5025,2026-03-17,15,5,Tienda
5026,2026-03-17,12,3,Mayorista
5027,2026-03-17,10,4,Tienda
5028,2026-03-17,29,6,Tienda
5029,2026-03-17,15,7,Tienda
5030,2026-03-17,28,6,Tienda
5031,2026-03-17,6,6,Tienda
5032,2026-03-17,7,2,Tienda
5033,2026-03-17,18,7,Mayorista
5034,2026-03-17,10,3,Tienda
5035,2026-03-17,7,5,Online
5036,2026-03-17,4,7,Tienda
5037,2026-03-17,3,6,Tienda
5038,2026-03-17,24,4,Mayorista
5039,2026-03-18,16,7,Tienda
5040,2026-03-18,17,7,Tienda
5041,2026-03-18,21,5,Mayorista
5042,2026-03-18,20,7,Tienda
5043,2026-03-18,8,4,Tienda
5044,2026-03-18,18,7,Online
5045,2026-03-18,12,4,Tienda
5046,2026-03-18,20,1,Tienda
5047,2026-03-18,16,7,Tienda
5048,2026-03-18,7,5,Tienda
5049,2026-03-18,23,4,Tienda
5050,2026-03-18,14,5,Mayorista
5051,2026-03-18,17,2,Tienda
5052,2026-03-18,21,3,Tienda
5053,2026-03-18,20,4,Tienda
5054,2026-03-18,24,3,Tienda
5055,2026-03-18,8,7,Tienda
5056,2026-03-18,4,5,Tienda
5057,2026-03-18,21,7,Tienda
5058,2026-03-18,10,6,Online
5059,2026-03-18,4,5,Tienda
5060,2026-03-18,5,7,Tienda
5061,2026-03-18,11,7,Tienda
5062,2026-03-19,1,7,Online
5063,2026-03-19,30,5,Mayorista
5064,2026-03-19,10,2,Tienda
5065,2026-03-19,30,5,Tienda
5066,2026-03-19,20,2,Tienda
5067,2026-03-19,28,4,Tienda
5068,2026-03-19,30,5,Online
5069,2026-03-19,17,4,Tienda
5070,2026-03-19,30,2,Tienda
5071,2026-03-19,24,7,Online
5072,2026-03-19,16,3,Tienda
5073,2026-03-19,20,1,Tienda
5074,2026-03-19,7,2,Online
5075,2026-03-19,1,5,Online
5076,2026-03-19,10,7,Tienda
5077,2026-03-19,14,1,Tienda
5078,2026-03-19,9,7,Tienda
5079,2026-03-19,16,6,Tienda
5080,2026-03-19,20,4,Tienda
5081,2026-03-19,20,3,Tienda
5082,2026-03-19,28,4,Tienda
5083,2026-03-19,30,4,Tienda
5084,2026-03-19,28,3,Mayorista
5085,2026-03-20,5,6,Tienda
5086,2026-03-20,4,2,Tienda
5087,2026-03-20,3,1,Online
5088,2026-03-20,3,5,Tienda
5089,2026-03-20,6,7,Tienda
5090,2026-03-20,27,4,Online
5091,2026-03-20,26,3,Mayorista
5092,2026-03-20,25,7,Tienda
5093,2026-03-20,20,7,Online
5094,2026-03-20,23,6,Mayorista
5095,2026-03-20,24,2,Tienda
5096,2026-03-20,28,2,Tienda
5097,2026-03-20,23,5,Online
5098,2026-03-20,23,1,Tienda
5099,2026-03-20,26,5,Mayorista
5100,2026-03-20,17,2,Tienda
5101,2026-03-20,8,3,Online
5102,2026-03-20,3,7,Mayorista
5103,2026-03-20,14,4,Tienda
5104,2026-03-20,4,6,Tienda
5105,2026-03-20,6,5,Tienda
5106,2026-03-20,2,7,Tienda
5107,2026-03-20,11,1,Tienda
5108,2026-03-20,30,5,Tienda
5109,2026-03-20,12,2,Tienda
5110,2026-03-21,15,4,Tienda
5111,2026-03-21,6,5,Tienda
5112,2026-03-21,19,3,Tienda
5113,2026-03-21,5,5,Online
5114,2026-03-21,7,1,Tienda
5115,2026-03-21,26,2,Mayorista
5116,2026-03-21,10,3,Tienda
5117,2026-03-21,23,2,Mayorista
5118,2026-03-21,10,3,Tienda
5119,2026-03-21,10,2,Tienda
5120,2026-03-21,11,7,Tienda
5121,2026-03-21,27,4,Tienda
5122,2026-03-21,13,5,Tienda
5123,2026-03-21,10,3,Tienda
5124,2026-03-21,16,2,Tienda
5125,2026-03-21,13,1,Tienda
5126,2026-03-21,25,6,Tienda
5127,2026-03-21,30,2,Tienda
5128,2026-03-21,16,1,Tienda
5129,2026-03-21,14,5,Online
5130,2026-03-21,12,2,Tienda
5131,2026-03-21,30,6,Online
5132,2026-03-21,15,2,Tienda
5133,2026-03-21,7,6,Online
5134,2026-03-21,30,2,Online
5135,2026-03-21,30,5,Tienda
5136,2026-03-21,14,1,Tienda
5137,2026-03-21,12,3,Tienda
5138,2026-03-21,21,5,Online
5139,2026-03-21,26,4,Mayorista
5140,2026-03-22,10,6,Online
5141,2026-03-22,6,3,Online
5142,2026-03-22,13,2,Tienda
5143,2026-03-22,27,6,Online
5144,2026-03-22,12,3,Tienda
5145,2026-03-22,6,5,Mayorista
5146,2026-03-22,16,2,Tienda
5147,2026-03-22,30,5,Tienda
5148,2026-03-22,7,1,Tienda
5149,2026-03-22,25,5,Mayorista
5150,2026-03-22,26,5,Tienda
5151,2026-03-22,13,4,Tienda
5152,2026-03-22,20,2,Tienda
5153,2026-03-22,14,5,Tienda
5154,2026-03-22,10,6,Tienda
5155,2026-03-22,14,7,Online
5156,2026-03-22,4,5,Tienda
5157,2026-03-22,22,3,Mayorista
5158,2026-03-22,26,2,Tienda
5159,2026-03-22,11,1,Online
5160,2026-03-22,17,4,Mayorista
5161,2026-03-22,10,2,Mayorista
5162,2026-03-22,5,2,Tienda
5163,2026-03-22,20,6,Tienda
5164,2026-03-22,5,7,Tienda
5165,2026-03-23,30,5,Online
5166,2026-03-23,11,1,Tienda
5167,2026-03-23,11,3,Online
5168,2026-03-23,10,5,Tienda
5169,2026-03-23,6,1,Tienda
5170,2026-03-23,25,2,Mayorista
5171,2026-03-23,3,1,Tienda
5172,2026-03-23,30,3,Mayorista
5173,2026-03-23,28,2,Tienda
5174,2026-03-23,5,5,Mayorista
5175,2026-03-23,16,6,Mayorista
5176,2026-03-23,30,3,Mayorista
5177,2026-03-23,27,4,Tienda
5178,2026-03-23,23,2,Tienda
5179,2026-03-23,2,7,Online
5180,2026-03-24,20,5,Mayorista
5181,2026-03-24,16,2,Tienda
5182,2026-03-24,2,4,Online
5183,2026-03-24,20,7,Tienda
5184,2026-03-24,20,7,Tienda
5185,2026-03-24,5,3,Tienda
5186,2026-03-24,26,7,Online
5187,2026-03-24,15,3,Tienda
5188,2026-03-24,11,5,Online
5189,2026-03-24,26,2,Tienda
5190,2026-03-24,12,7,Tienda
5191,2026-03-24,20,7,Tienda
5192,2026-03-24,20,6,Mayorista
5193,2026-03-24,2,4,Tienda
5194,2026-03-24,14,4,Mayorista
5195,2026-03-24,9,2,Tienda
5196,2026-03-24,7,7,Online
5197,2026-03-24,20,4,Tienda
5198,2026-03-24,1,2,Tienda
5199,2026-03-24,30,3,Tienda
5200,2026-03-24,13,6,Tienda
5201,2026-03-24,11,3,Tienda
5202,2026-03-25,26,6,Tienda
5203,2026-03-25,20,7,Tienda
5204,2026-03-25,24,7,Online
5205,2026-03-25,4,4,Tienda
5206,2026-03-25,14,3,Mayorista
5207,2026-03-25,26,3,Online
5208,2026-03-25,10,5,Mayorista
5209,2026-03-25,6,3,Tienda
5210,2026-03-25,13,7,Tienda
5211,2026-03-25,11,3,Mayorista
5212,2026-03-25,7,4,Tienda
5213,2026-03-25,29,5,Tienda
5214,2026-03-25,15,3,Tienda
5215,2026-03-25,19,1,Tienda
5216,2026-03-25,5,2,Tienda
5217,2026-03-25,19,3,Tienda
5218,2026-03-26,11,6,Tienda
5219,2026-03-26,13,1,Tienda
5220,2026-03-26,11,6,Tienda
5221,2026-03-26,1,7,Tienda
5222,2026-03-26,21,7,Tienda
5223,2026-03-26,4,6,Mayorista
5224,2026-03-26,9,5,Tienda
5225,2026-03-26,7,2,Tienda
5226,2026-03-26,11,5,Online
5227,2026-03-26,6,7,Tienda
5228,2026-03-26,12,2,Tienda
5229,2026-03-26,10,5,Tienda
5230,2026-03-26,3,4,Online
5231,2026-03-26,27,5,Mayorista
5232,2026-03-26,11,6,Mayorista
5233,2026-03-26,4,7,Online
5234,2026-03-26,16,4,Tienda
5235,2026-03-27,14,5,Tienda
5236,2026-03-27,14,4,Tienda
5237,2026-03-27,24,3,Online
5238,2026-03-27,26,3,Online
5239,2026-03-27,26,1,Tienda
5240,2026-03-27,16,5,Tienda
5241,2026-03-27,12,5,Mayorista
5242,2026-03-27,29,3,Tienda
5243,2026-03-27,20,3,Tienda
5244,2026-03-27,16,5,Mayorista
5245,2026-03-27,18,6,Tienda
5246,2026-03-27,20,3,Mayorista
5247,2026-03-27,22,3,Tienda
5248,2026-03-27,17,2,Tienda
5249,2026-03-27,27,2,Online
5250,2026-03-27,27,7,Tienda
5251,2026-03-27,14,2,Online
5252,2026-03-27,6,6,Tienda
5253,2026-03-27,17,5,Tienda
5254,2026-03-27,20,2,Online
5255,2026-03-27,16,7,Mayorista
5256,2026-03-27,28,4,Tienda
5257,2026-03-27,4,2,Tienda
5258,2026-03-27,11,5,Online
5259,2026-03-27,27,2,Tienda
5260,2026-03-27,29,1,Tienda
5261,2026-03-27,14,3,Tienda
5262,2026-03-27,7,5,Online
5263,2026-03-27,14,3,Tienda
5264,2026-03-28,2,1,Online
5265,2026-03-28,11,7,Tienda
5266,2026-03-28,19,6,Tienda
5267,2026-03-28,30,1,Tienda
5268,2026-03-28,4,4,Tienda
5269,2026-03-28,22,1,Tienda
5270,2026-03-28,21,6,Online
5271,2026-03-28,21,3,Online
5272,2026-03-28,16,1,Tienda
5273,2026-03-28,30,3,Tienda
5274,2026-03-28,15,7,Tienda
5275,2026-03-28,26,5,Tienda
5276,2026-03-28,10,4,Tienda
5277,2026-03-28,26,4,Tienda
5278,2026-03-28,30,2,Mayorista
5279,2026-03-28,28,7,Tienda
5280,2026-03-28,11,3,Mayorista
5281,2026-03-28,27,1,Mayorista
5282,2026-03-28,4,4,Tienda
5283,2026-03-28,21,6,Tienda
5284,2026-03-28,12,4,Tienda
5285,2026-03-28,20,3,Mayorista
5286,2026-03-28,14,5,Tienda
5287,2026-03-28,1,6,Tienda
5288,2026-03-28,10,7,Tienda
5289,2026-03-28,2,4,Mayorista
5290,2026-03-28,14,7,Tienda
5291,2026-03-28,26,1,Tienda
5292,2026-03-28,24,2,Tienda
5293,2026-03-29,21,2,Tienda
5294,2026-03-29,7,7,Mayorista
5295,2026-03-29,15,4,Tienda
5296,2026-03-29,12,5,Tienda
5297,2026-03-29,15,4,Mayorista
5298,2026-03-29,17,3,Online
5299,2026-03-29,30,4,Tienda
5300,2026-03-29,28,4,Mayorista
5301,2026-03-29,21,6,Tienda
5302,2026-03-29,6,5,Tienda
5303,2026-03-29,28,4,Online
5304,2026-03-29,28,3,Tienda
5305,2026-03-29,27,5,Tienda
5306,2026-03-29,15,6,Tienda
5307,2026-03-29,6,7,Online
5308,2026-03-29,24,4,Tienda
5309,2026-03-29,13,4,Tienda
5310,2026-03-29,12,6,Online
5311,2026-03-29,13,7,Online
5312,2026-03-29,17,7,Tienda
5313,2026-03-29,11,4,Tienda
5314,2026-03-29,21,5,Tienda
5315,2026-03-29,20,3,Online
5316,2026-03-29,16,6,Tienda
5317,2026-03-29,2,7,Tienda
5318,2026-03-29,29,7,Mayorista
5319,2026-03-29,14,2,Mayorista
5320,2026-03-29,14,6,Mayorista
5321,2026-03-29,14,6,Online
5322,2026-03-29,12,7,Tienda
5323,2026-03-29,21,2,Online
5324,2026-03-29,1,3,Tienda
5325,2026-03-30,27,6,Tienda
5326,2026-03-30,15,3,Tienda
5327,2026-03-30,26,5,Tienda
5328,2026-03-30,29,2,Tienda
5329,2026-03-30,14,3,Tienda
5330,2026-03-30,21,4,Online
5331,2026-03-30,9,3,Tienda
5332,2026-03-30,26,5,Tienda
5333,2026-03-30,26,6,Mayorista
5334,2026-03-30,11,6,Mayorista
5335,2026-03-30,2,7,Online
5336,2026-03-30,14,7,Mayorista
5337,2026-03-30,6,3,Online
5338,2026-03-30,26,4,Mayorista
5339,2026-03-30,10,5,Tienda
5340,2026-03-30,29,6,Tienda
5341,2026-03-30,30,5,Tienda
5342,2026-03-30,28,3,Mayorista
5343,2026-03-30,18,6,Tienda
5344,2026-03-30,10,5,Online
5345,2026-03-30,26,7,Tienda
5346,2026-03-30,22,3,Tienda
5347,2026-03-30,30,2,Online
5348,2026-03-30,12,4,Online
5349,2026-03-30,3,1,Tienda
5350,2026-03-30,30,6,Online
5351,2026-03-30,26,2,Tienda
5352,2026-03-30,9,2,Tienda
5353,2026-03-30,23,5,Mayorista
5354,2026-03-30,1,5,Tienda
5355,2026-03-30,17,2,Tienda
5356,2026-03-31,23,6,Tienda
5357,2026-03-31,27,3,Online
5358,2026-03-31,26,7,Online
5359,2026-03-31,10,4,Online
5360,2026-03-31,30,6,Online
5361,2026-03-31,29,6,Tienda
5362,2026-03-31,14,4,Tienda
5363,2026-03-31,2,1,Tienda
5364,2026-03-31,11,3,Tienda
5365,2026-03-31,26,5,Tienda
5366,2026-03-31,29,3,Tienda
5367,2026-03-31,26,2,Tienda
5368,2026-03-31,13,1,Tienda
5369,2026-03-31,2,6,Tienda
5370,2026-03-31,16,5,Tienda
5371,2026-03-31,12,1,Tienda
5372,2026-03-31,5,1,Tienda
5373,2026-03-31,4,3,Tienda
5374,2026-03-31,6,4,Mayorista
5375,2026-03-31,8,7,Tienda
5376,2026-03-31,24,5,Tienda
5377,2026-03-31,13,3,Tienda
5378,2026-03-31,14,6,Mayorista
5379,2026-04-01,10,3,Online
5380,2026-04-01,28,4,Mayorista
5381,2026-04-01,30,6,Tienda
5382,2026-04-01,27,3,Mayorista
5383,2026-04-01,11,3,Mayorista
5384,2026-04-01,24,3,Mayorista
5385,2026-04-01,9,2,Tienda
5386,2026-04-01,13,6,Online
5387,2026-04-01,22,5,Tienda
5388,2026-04-01,30,4,Mayorista
5389,2026-04-01,14,1,Online
5390,2026-04-01,15,2,Tienda
5391,2026-04-01,9,1,Online
5392,2026-04-01,14,2,Online
5393,2026-04-01,3,3,Mayorista
5394,2026-04-01,27,4,Tienda
5395,2026-04-01,2,2,Online
5396,2026-04-01,21,7,Online
5397,2026-04-01,10,4,Tienda
5398,2026-04-01,15,2,Mayorista
5399,2026-04-01,10,7,Tienda
5400,2026-04-01,13,1,Online
5401,2026-04-02,27,2,Tienda
5402,2026-04-02,22,7,Tienda
5403,2026-04-02,4,2,Online
5404,2026-04-02,12,4,Mayorista
5405,2026-04-02,17,3,Online
5406,2026-04-02,24,1,Online
5407,2026-04-02,16,4,Mayorista
5408,2026-04-02,25,7,Online
5409,2026-04-02,26,4,Tienda
5410,2026-04-02,10,2,Mayorista
5411,2026-04-02,20,2,Tienda
5412,2026-04-02,17,5,Mayorista
5413,2026-04-02,9,7,Online
5414,2026-04-02,15,7,Mayorista
5415,2026-04-02,16,2,Online
5416,2026-04-02,26,1,Mayorista
5417,2026-04-02,15,1,Tienda
5418,2026-04-02,3,1,Online
5419,2026-04-02,15,5,Tienda
5420,2026-04-02,26,4,Tienda
5421,2026-04-02,17,5,Tienda
5422,2026-04-02,11,3,Mayorista
5423,2026-04-03,1,7,Tienda
5424,2026-04-03,14,2,Tienda
5425,2026-04-03,11,5,Tienda
5426,2026-04-03,27,5,Tienda
5427,2026-04-03,29,1,Online
5428,2026-04-03,14,4,Tienda
5429,2026-04-03,30,7,Tienda
5430,2026-04-03,1,5,Mayorista
5431,2026-04-03,11,6,Tienda
5432,2026-04-03,25,7,Tienda
5433,2026-04-03,12,5,Mayorista
5434,2026-04-03,28,3,Tienda
5435,2026-04-03,9,2,Tienda
5436,2026-04-03,26,5,Tienda
5437,2026-04-03,7,3,Online
5438,2026-04-03,7,5,Mayorista
5439,2026-04-03,14,2,Online
5440,2026-04-03,29,6,Tienda
5441,2026-04-03,18,5,Online
5442,2026-04-03,20,7,Mayorista
5443,2026-04-03,1,1,Tienda
5444,2026-04-03,2,7,Online
5445,2026-04-03,3,6,Tienda
5446,2026-04-03,26,5,Online
5447,2026-04-04,7,2,Tienda
5448,2026-04-04,24,7,Tienda
5449,2026-04-04,22,5,Tienda
5450,2026-04-04,16,1,Online
5451,2026-04-04,6,2,Mayorista
5452,2026-04-04,17,4,Tienda
5453,2026-04-04,4,3,Online
5454,2026-04-04,12,5,Online
5455,2026-04-04,12,5,Tienda
5456,2026-04-04,27,4,Online
5457,2026-04-04,14,6,Tienda
5458,2026-04-04,18,7,Tienda
5459,2026-04-04,27,6,Tienda
5460,2026-04-04,14,5,Tienda
5461,2026-04-04,27,6,Tienda
5462,2026-04-04,5,7,Tienda
5463,2026-04-04,12,1,Tienda
5464,2026-04-04,4,5,Tienda
5465,2026-04-04,17,6,Tienda
5466,2026-04-04,29,1,Tienda
5467,2026-04-04,20,4,Tienda
5468,2026-04-04,20,6,Tienda
5469,2026-04-04,10,1,Tienda
5470,2026-04-04,28,5,Tienda
5471,2026-04-04,15,2,Tienda
5472,2026-04-04,10,3,Tienda
5473,2026-04-05,29,4,Tienda
5474,2026-04-05,25,1,Online
5475,2026-04-05,6,6,Tienda
5476,2026-04-05,30,4,Tienda
5477,2026-04-05,5,6,Online
5478,2026-04-05,14,1,Tienda
5479,2026-04-05,6,5,Mayorista
5480,2026-04-05,6,4,Online
5481,2026-04-05,30,7,Online
5482,2026-04-05,17,2,Tienda
5483,2026-04-05,10,6,Online
5484,2026-04-05,25,2,Tienda
5485,2026-04-05,27,5,Mayorista
5486,2026-04-05,28,2,Online
5487,2026-04-05,29,2,Mayorista
5488,2026-04-05,28,7,Tienda
5489,2026-04-05,20,6,Tienda
5490,2026-04-05,12,5,Online
5491,2026-04-05,28,1,Tienda
5492,2026-04-05,5,3,Tienda
5493,2026-04-05,6,7,Tienda
5494,2026-04-05,14,6,Tienda
5495,2026-04-05,10,6,Online
5496,2026-04-05,20,7,Tienda
5497,2026-04-05,28,4,Mayorista
5498,2026-04-05,15,2,Tienda
5499,2026-04-05,17,5,Mayorista
5500,2026-04-05,14,3,Tienda
5501,2026-04-05,22,6,Tienda
5502,2026-04-06,22,4,Tienda
5503,2026-04-06,12,5,Online
5504,2026-04-06,21,5,Online
5505,2026-04-06,26,1,Online
5506,2026-04-06,27,6,Mayorista
5507,2026-04-06,2,4,Tienda
5508,2026-04-06,24,1,Online
5509,2026-04-06,6,4,Tienda
5510,2026-04-06,22,2,Tienda
5511,2026-04-06,12,7,Tienda
5512,2026-04-06,22,5,Online
5513,2026-04-06,8,6,Online
5514,2026-04-06,20,5,Tienda
5515,2026-04-06,5,1,Online
5516,2026-04-06,6,6,Tienda
5517,2026-04-06,20,5,Tienda
5518,2026-04-07,2,2,Tienda
5519,2026-04-07,6,7,Online
5520,2026-04-07,2,7,Online
5521,2026-04-07,14,5,Tienda
5522,2026-04-07,26,6,Online
5523,2026-04-07,14,6,Mayorista
5524,2026-04-07,26,7,Mayorista
5525,2026-04-07,2,1,Online
5526,2026-04-07,15,5,Tienda
5527,2026-04-07,25,1,Tienda
5528,2026-04-07,21,5,Tienda
5529,2026-04-07,27,5,Tienda
5530,2026-04-07,10,1,Tienda
5531,2026-04-07,15,3,Tienda
5532,2026-04-07,21,3,Online
5533,2026-04-07,6,1,Online
5534,2026-04-07,26,7,Mayorista
5535,2026-04-07,11,5,Tienda
5536,2026-04-07,4,7,Tienda
5537,2026-04-07,24,1,Tienda
5538,2026-04-07,22,2,Tienda
5539,2026-04-07,27,2,Mayorista
5540,2026-04-07,28,2,Tienda
5541,2026-04-07,10,3,Mayorista
5542,2026-04-07,20,3,Mayorista
5543,2026-04-07,30,6,Online
5544,2026-04-07,10,6,Mayorista
5545,2026-04-07,15,7,Mayorista
5546,2026-04-07,28,5,Tienda
5547,2026-04-07,4,7,Tienda
5548,2026-04-07,28,4,Tienda
5549,2026-04-08,11,3,Tienda
5550,2026-04-08,2,6,Online
5551,2026-04-08,14,2,Tienda
5552,2026-04-08,26,2,Mayorista
5553,2026-04-08,20,1,Tienda
5554,2026-04-08,21,7,Tienda
5555,2026-04-08,2,2,Tienda
5556,2026-04-08,26,2,Tienda
5557,2026-04-08,6,3,Tienda
5558,2026-04-08,11,5,Tienda
5559,2026-04-08,16,7,Online
5560,2026-04-08,28,2,Tienda
5561,2026-04-08,30,3,Online
5562,2026-04-08,25,4,Online
5563,2026-04-09,11,6,Tienda
5564,2026-04-09,20,2,Online
5565,2026-04-09,14,6,Tienda
5566,2026-04-09,28,7,Tienda
5567,2026-04-09,30,5,Tienda
5568,2026-04-09,24,3,Online
5569,2026-04-09,28,3,Tienda
5570,2026-04-09,5,1,Online
5571,2026-04-09,20,4,Tienda
5572,2026-04-09,7,3,Tienda
5573,2026-04-09,10,7,Mayorista
5574,2026-04-09,16,4,Online
5575,2026-04-09,24,7,Tienda
5576,2026-04-09,23,7,Online
5577,2026-04-09,27,6,Online
5578,2026-04-09,17,4,Tienda
5579,2026-04-09,28,5,Tienda
5580,2026-04-09,28,2,Mayorista
5581,2026-04-09,27,5,Tienda
5582,2026-04-10,17,6,Tienda
5583,2026-04-10,11,5,Tienda
5584,2026-04-10,27,6,Tienda
5585,2026-04-10,20,5,Tienda
5586,2026-04-10,23,4,Mayorista
5587,2026-04-10,20,7,Tienda
5588,2026-04-10,23,1,Tienda
5589,2026-04-10,6,5,Tienda
5590,2026-04-10,28,2,Tienda
5591,2026-04-10,11,5,Tienda
5592,2026-04-10,26,7,Tienda
5593,2026-04-10,28,4,Tienda
5594,2026-04-10,20,6,Online
5595,2026-04-10,18,5,Online
5596,2026-04-10,4,7,Mayorista
5597,2026-04-10,14,4,Tienda
5598,2026-04-10,19,6,Mayorista
5599,2026-04-10,3,6,Tienda
5600,2026-04-10,4,2,Online
5601,2026-04-10,30,2,Mayorista
5602,2026-04-10,11,7,Tienda
5603,2026-04-10,12,6,Tienda
5604,2026-04-10,10,6,Online
5605,2026-04-10,20,3,Tienda
5606,2026-04-11,16,5,Tienda
5607,2026-04-11,30,6,Online
5608,2026-04-11,20,6,Tienda
5609,2026-04-11,18,1,Tienda
5610,2026-04-11,2,6,Tienda
5611,2026-04-11,7,4,Tienda
5612,2026-04-11,2,6,Tienda
5613,2026-04-11,11,6,Tienda
5614,2026-04-11,12,6,Mayorista
5615,2026-04-11,16,6,Tienda
5616,2026-04-11,21,6,Tienda
5617,2026-04-11,7,3,Mayorista
5618,2026-04-11,19,7,Tienda
5619,2026-04-11,28,2,Tienda
5620,2026-04-11,7,2,Mayorista
5621,2026-04-11,20,3,Online
5622,2026-04-11,2,7,Tienda
5623,2026-04-11,16,7,Tienda
5624,2026-04-11,24,7,Tienda
5625,2026-04-11,2,7,Tienda
5626,2026-04-11,11,3,Tienda
5627,2026-04-11,27,3,Tienda
5628,2026-04-11,9,2,Online
5629,2026-04-11,23,6,Tienda
5630,2026-04-11,19,1,Tienda
5631,2026-04-11,6,6,Tienda
5632,2026-04-11,24,3,Online
5633,2026-04-11,16,4,Tienda
5634,2026-04-11,4,4,Mayorista
5635,2026-04-11,29,7,Online
5636,2026-04-11,15,1,Tienda
5637,2026-04-11,24,2,Tienda
5638,2026-04-11,9,7,Tienda
5639,2026-04-12,26,5,Tienda
5640,2026-04-12,4,7,Tienda
5641,2026-04-12,14,3,Online
5642,2026-04-12,27,4,Mayorista
5643,2026-04-12,28,2,Tienda
5644,2026-04-12,15,4,Tienda
5645,2026-04-12,17,4,Tienda
5646,2026-04-12,24,5,Mayorista
5647,2026-04-12,25,2,Online
5648,2026-04-12,28,4,Mayorista
5649,2026-04-12,27,1,Tienda
5650,2026-04-12,14,1,Mayorista
5651,2026-04-12,20,7,Tienda
5652,2026-04-12,15,3,Mayorista
5653,2026-04-12,5,1,Mayorista
5654,2026-04-12,26,2,Tienda
5655,2026-04-12,19,1,Tienda
5656,2026-04-12,2,5,Tienda
5657,2026-04-12,21,1,Tienda
5658,2026-04-12,10,1,Tienda
5659,2026-04-12,3,7,Tienda
5660,2026-04-12,19,3,Tienda
5661,2026-04-12,23,1,Tienda
5662,2026-04-12,16,2,Tienda
5663,2026-04-12,1,7,Tienda
5664,2026-04-12,17,2,Tienda
5665,2026-04-12,1,1,Online
5666,2026-04-12,28,6,Tienda
5667,2026-04-12,10,4,Tienda
5668,2026-04-13,10,6,Tienda
5669,2026-04-13,15,1,Online
5670,2026-04-13,10,1,Online
5671,2026-04-13,21,1,Mayorista
5672,2026-04-13,11,4,Mayorista
5673,2026-04-13,6,4,Mayorista
5674,2026-04-13,6,4,Tienda
5675,2026-04-13,5,5,Mayorista
5676,2026-04-13,14,2,Tienda
5677,2026-04-13,1,3,Tienda
5678,2026-04-13,16,7,Tienda
5679,2026-04-13,11,7,Tienda
5680,2026-04-13,17,1,Mayorista
5681,2026-04-13,29,7,Tienda
5682,2026-04-13,27,3,Tienda
5683,2026-04-13,17,7,Online
5684,2026-04-13,14,3,Online
5685,2026-04-13,22,3,Tienda
5686,2026-04-13,28,1,Online
5687,2026-04-13,15,5,Tienda
5688,2026-04-13,4,2,Tienda
5689,2026-04-13,24,3,Tienda
5690,2026-04-13,1,3,Tienda
5691,2026-04-13,24,5,Tienda
5692,2026-04-14,15,6,Tienda
5693,2026-04-14,24,3,Tienda
5694,2026-04-14,13,6,Online
5695,2026-04-14,10,4,Tienda
5696,2026-04-14,4,5,Tienda
5697,2026-04-14,21,7,Tienda
5698,2026-04-14,15,6,Tienda
5699,2026-04-14,26,6,Mayorista
5700,2026-04-14,14,3,Tienda
5701,2026-04-14,14,1,Tienda
5702,2026-04-14,11,2,Tienda
5703,2026-04-14,7,4,Tienda
5704,2026-04-14,26,7,Online
5705,2026-04-14,4,7,Tienda
5706,2026-04-14,28,6,Online
5707,2026-04-14,2,3,Online
5708,2026-04-14,16,7,Online
5709,2026-04-14,3,5,Mayorista
5710,2026-04-14,25,4,Tienda
5711,2026-04-14,8,3,Tienda
5712,2026-04-14,17,6,Tienda
5713,2026-04-14,28,2,Tienda
5714,2026-04-14,20,7,Tienda
5715,2026-04-14,7,4,Mayorista
5716,2026-04-14,26,6,Online
5717,2026-04-14,14,6,Mayorista
5718,2026-04-14,1,7,Mayorista
5719,2026-04-15,27,3,Tienda
5720,2026-04-15,28,4,Tienda
5721,2026-04-15,6,4,Online
5722,2026-04-15,7,6,Tienda
5723,2026-04-15,12,7,Tienda
5724,2026-04-15,24,7,Mayorista
5725,2026-04-15,27,4,Tienda
5726,2026-04-15,18,1,Mayorista
5727,2026-04-15,4,1,Online
5728,2026-04-15,11,7,Online
5729,2026-04-15,27,7,Online
5730,2026-04-15,12,6,Tienda
5731,2026-04-15,4,5,Online
5732,2026-04-15,11,4,Tienda
5733,2026-04-15,26,3,Tienda
5734,2026-04-15,15,7,Tienda
5735,2026-04-15,6,7,Mayorista
5736,2026-04-15,11,2,Tienda
5737,2026-04-15,29,6,Tienda
5738,2026-04-15,14,7,Tienda
5739,2026-04-16,26,4,Tienda
5740,2026-04-16,4,1,Tienda
5741,2026-04-16,16,7,Tienda
5742,2026-04-16,18,7,Online
5743,2026-04-16,28,2,Online
5744,2026-04-16,4,4,Tienda
5745,2026-04-16,12,5,Online
5746,2026-04-16,20,6,Tienda
5747,2026-04-16,30,6,Tienda
5748,2026-04-16,27,3,Tienda
5749,2026-04-16,27,3,Tienda
5750,2026-04-16,16,6,Mayorista
5751,2026-04-16,17,6,Online
5752,2026-04-16,27,2,Tienda
5753,2026-04-16,27,2,Tienda
5754,2026-04-16,26,4,Online
5755,2026-04-16,26,6,Online
5756,2026-04-16,27,2,Tienda
5757,2026-04-16,4,2,Online
5758,2026-04-16,11,7,Tienda
5759,2026-04-16,30,5,Tienda
5760,2026-04-16,16,6,Online
5761,2026-04-16,6,2,Online
5762,2026-04-16,15,3,Tienda
5763,2026-04-16,20,5,Online
5764,2026-04-16,26,3,Tienda
5765,2026-04-16,26,7,Tienda
5766,2026-04-17,12,2,Tienda
5767,2026-04-17,30,5,Mayorista
5768,2026-04-17,28,4,Tienda
5769,2026-04-17,2,2,Tienda
5770,2026-04-17,16,4,Tienda
5771,2026-04-17,3,2,Mayorista
5772,2026-04-17,28,7,Tienda
5773,2026-04-17,14,4,Tienda
5774,2026-04-17,14,7,Mayorista
5775,2026-04-17,10,2,Tienda
5776,2026-04-17,17,6,Tienda
5777,2026-04-17,6,6,Tienda
5778,2026-04-17,26,6,Tienda
5779,2026-04-17,15,2,Tienda
5780,2026-04-17,17,5,Tienda
5781,2026-04-17,26,7,Online
5782,2026-04-17,7,2,Tienda
5783,2026-04-17,6,3,Tienda
5784,2026-04-17,14,4,Tienda
5785,2026-04-17,25,1,Tienda
5786,2026-04-17,3,5,Online
5787,2026-04-17,26,2,Online
5788,2026-04-17,15,3,Tienda
5789,2026-04-17,17,4,Tienda
5790,2026-04-17,17,6,Mayorista
5791,2026-04-17,2,7,Tienda
5792,2026-04-17,10,2,Tienda
5793,2026-04-17,24,2,Tienda
5794,2026-04-18,26,2,Tienda
5795,2026-04-18,9,3,Tienda
5796,2026-04-18,6,4,Online
5797,2026-04-18,3,4,Tienda
5798,2026-04-18,11,1,Tienda
5799,2026-04-18,11,4,Online
5800,2026-04-18,11,5,Tienda
5801,2026-04-18,18,4,Tienda
5802,2026-04-18,24,4,Tienda
5803,2026-04-18,29,6,Tienda
5804,2026-04-18,4,6,Online
5805,2026-04-18,6,4,Mayorista
5806,2026-04-18,18,5,Tienda
5807,2026-04-18,4,4,Tienda
5808,2026-04-18,12,4,Mayorista
5809,2026-04-18,20,5,Online
5810,2026-04-18,25,5,Online
5811,2026-04-18,9,1,Tienda
5812,2026-04-18,21,2,Online
5813,2026-04-18,20,1,Mayorista
5814,2026-04-18,27,1,Mayorista
5815,2026-04-18,11,1,Online
5816,2026-04-18,24,7,Tienda
5817,2026-04-18,24,3,Tienda
5818,2026-04-18,10,5,Online
5819,2026-04-18,20,6,Mayorista
5820,2026-04-18,21,2,Tienda
5821,2026-04-19,22,2,Mayorista
5822,2026-04-19,7,6,Mayorista
5823,2026-04-19,7,7,Tienda
5824,2026-04-19,6,6,Mayorista
5825,2026-04-19,11,3,Tienda
5826,2026-04-19,29,6,Tienda
5827,2026-04-19,15,4,Tienda
5828,2026-04-19,10,7,Online
5829,2026-04-19,6,4,Online
5830,2026-04-19,2,3,Tienda
5831,2026-04-19,12,4,Tienda
5832,2026-04-19,4,6,Mayorista
5833,2026-04-19,2,5,Tienda
5834,2026-04-19,4,2,Tienda
5835,2026-04-19,11,5,Mayorista
5836,2026-04-19,24,1,Tienda
5837,2026-04-19,3,5,Online
5838,2026-04-19,21,2,Tienda
5839,2026-04-19,20,2,Online
5840,2026-04-19,27,2,Tienda
5841,2026-04-19,7,1,Online
5842,2026-04-20,27,6,Mayorista
5843,2026-04-20,12,4,Tienda
5844,2026-04-20,23,5,Tienda
5845,2026-04-20,14,1,Tienda
5846,2026-04-20,16,2,Tienda
5847,2026-04-20,23,4,Mayorista
5848,2026-04-20,3,2,Tienda
5849,2026-04-20,14,1,Mayorista
5850,2026-04-20,4,2,Tienda
5851,2026-04-20,23,5,Tienda
5852,2026-04-20,19,2,Mayorista
5853,2026-04-20,11,1,Tienda
5854,2026-04-20,3,3,Tienda
5855,2026-04-20,28,5,Tienda
5856,2026-04-20,11,2,Tienda
5857,2026-04-20,10,7,Online
5858,2026-04-20,4,7,Tienda
5859,2026-04-20,17,6,Tienda
5860,2026-04-20,10,3,Tienda
5861,2026-04-21,26,5,Tienda
5862,2026-04-21,15,1,Tienda
5863,2026-04-21,21,3,Tienda
5864,2026-04-21,27,2,Tienda
5865,2026-04-21,21,5,Tienda
5866,2026-04-21,28,4,Mayorista
5867,2026-04-21,26,6,Tienda
5868,2026-04-21,17,4,Mayorista
5869,2026-04-21,11,1,Tienda
5870,2026-04-21,11,6,Mayorista
5871,2026-04-21,27,7,Tienda
5872,2026-04-21,2,2,Tienda
5873,2026-04-21,29,1,Online
5874,2026-04-21,11,2,Tienda
5875,2026-04-21,24,6,Tienda
5876,2026-04-21,11,7,Tienda
5877,2026-04-21,29,1,Tienda
5878,2026-04-21,2,3,Mayorista
5879,2026-04-21,12,5,Online
5880,2026-04-21,27,6,Online
5881,2026-04-21,10,4,Tienda
5882,2026-04-21,10,2,Tienda
5883,2026-04-21,28,6,Tienda
5884,2026-04-21,26,6,Tienda
5885,2026-04-22,16,4,Tienda
5886,2026-04-22,1,4,Mayorista
5887,2026-04-22,16,3,Tienda
5888,2026-04-22,13,2,Online
5889,2026-04-22,27,1,Tienda
5890,2026-04-22,23,7,Tienda
5891,2026-04-22,2,6,Online
5892,2026-04-22,25,7,Tienda
5893,2026-04-22,26,5,Tienda
5894,2026-04-22,20,3,Online
5895,2026-04-22,28,2,Online
5896,2026-04-22,26,4,Tienda
5897,2026-04-22,9,2,Tienda
5898,2026-04-22,13,6,Mayorista
5899,2026-04-22,12,2,Tienda
5900,2026-04-22,15,1,Tienda
5901,2026-04-22,29,5,Tienda
5902,2026-04-22,20,2,Online
5903,2026-04-22,11,5,Tienda
5904,2026-04-22,29,7,Tienda
5905,2026-04-22,22,1,Online
5906,2026-04-22,10,3,Tienda
5907,2026-04-22,28,5,Tienda
5908,2026-04-22,12,3,Tienda
5909,2026-04-23,4,4,Tienda
5910,2026-04-23,26,5,Tienda
5911,2026-04-23,5,7,Tienda
5912,2026-04-23,19,1,Mayorista
5913,2026-04-23,12,7,Tienda
5914,2026-04-23,28,3,Tienda
5915,2026-04-23,22,2,Tienda
5916,2026-04-23,3,4,Tienda
5917,2026-04-23,28,4,Tienda
5918,2026-04-23,14,6,Online
5919,2026-04-23,11,5,Tienda
5920,2026-04-23,21,3,Online
5921,2026-04-23,23,6,Tienda
5922,2026-04-23,11,5,Online
5923,2026-04-23,12,3,Tienda
5924,2026-04-23,6,4,Mayorista
5925,2026-04-23,18,1,Tienda
5926,2026-04-23,29,7,Mayorista
5927,2026-04-23,14,7,Tienda
5928,2026-04-23,30,6,Tienda
5929,2026-04-23,6,6,Tienda
5930,2026-04-23,26,1,Mayorista
5931,2026-04-23,28,4,Tienda
5932,2026-04-24,26,3,Tienda
5933,2026-04-24,9,4,Tienda
5934,2026-04-24,17,7,Mayorista
5935,2026-04-24,12,4,Tienda
5936,2026-04-24,24,6,Tienda
5937,2026-04-24,22,3,Tienda
5938,2026-04-24,22,1,Mayorista
5939,2026-04-24,12,7,Online
5940,2026-04-24,18,2,Tienda
5941,2026-04-24,20,4,Mayorista
5942,2026-04-24,21,3,Tienda
5943,2026-04-24,17,1,Tienda
5944,2026-04-24,27,5,Tienda
5945,2026-04-24,10,2,Online
5946,2026-04-24,2,2,Tienda
5947,2026-04-24,30,1,Online
5948,2026-04-24,3,6,Tienda
5949,2026-04-24,28,4,Tienda
5950,2026-04-25,1,3,Tienda
5951,2026-04-25,16,5,Tienda
5952,2026-04-25,15,4,Online
5953,2026-04-25,20,6,Tienda
5954,2026-04-25,2,6,Online
5955,2026-04-25,2,5,Tienda
5956,2026-04-25,12,4,Mayorista
5957,2026-04-25,21,6,Mayorista
5958,2026-04-25,21,6,Online
5959,2026-04-25,10,1,Tienda
5960,2026-04-25,9,2,Tienda
5961,2026-04-25,21,1,Tienda
5962,2026-04-25,2,1,Tienda
5963,2026-04-25,17,3,Mayorista
5964,2026-04-25,14,1,Tienda
5965,2026-04-25,10,6,Online
5966,2026-04-25,16,4,Tienda
5967,2026-04-25,9,4,Tienda
5968,2026-04-25,17,2,Online
5969,2026-04-25,6,5,Tienda
5970,2026-04-25,14,6,Tienda
5971,2026-04-25,16,3,Tienda
5972,2026-04-25,2,5,Online
5973,2026-04-25,19,7,Online
5974,2026-04-25,24,5,Mayorista
5975,2026-04-25,29,1,Mayorista
5976,2026-04-25,8,5,Online
5977,2026-04-25,8,2,Online
5978,2026-04-25,11,2,Online
5979,2026-04-25,28,4,Tienda
5980,2026-04-25,14,7,Tienda
5981,2026-04-25,11,2,Tienda
5982,2026-04-25,24,6,Online
5983,2026-04-26,6,2,Online
5984,2026-04-26,26,6,Tienda
5985,2026-04-26,2,3,Mayorista
5986,2026-04-26,24,5,Tienda
5987,2026-04-26,23,2,Mayorista
5988,2026-04-26,20,1,Tienda
5989,2026-04-26,14,5,Online
5990,2026-04-26,2,4,Tienda
5991,2026-04-26,26,5,Tienda
5992,2026-04-26,5,3,Mayorista
5993,2026-04-26,10,1,Online
5994,2026-04-26,29,4,Mayorista
5995,2026-04-26,11,4,Mayorista
5996,2026-04-26,10,1,Online
5997,2026-04-26,30,3,Tienda
5998,2026-04-26,3,7,Tienda
5999,2026-04-26,6,4,Mayorista
6000,2026-04-26,14,5,Mayorista
6001,2026-04-26,25,2,Tienda
6002,2026-04-26,27,3,Tienda
6003,2026-04-26,24,4,Mayorista
6004,2026-04-26,30,5,Online
6005,2026-04-26,2,6,Mayorista
6006,2026-04-26,20,3,Tienda
6007,2026-04-26,5,1,Tienda
6008,2026-04-26,28,4,Tienda
6009,2026-04-26,29,5,Tienda
6010,2026-04-26,11,6,Tienda
6011,2026-04-27,21,4,Tienda
6012,2026-04-27,16,3,Tienda
6013,2026-04-27,12,4,Tienda
6014,2026-04-27,2,6,Online
6015,2026-04-27,25,5,Tienda
6016,2026-04-27,15,7,Online
6017,2026-04-27,16,6,Tienda
6018,2026-04-27,15,1,Mayorista
6019,2026-04-27,10,2,Mayorista
6020,2026-04-27,10,1,Tienda
6021,2026-04-27,3,2,Tienda
6022,2026-04-27,22,3,Tienda
6023,2026-04-27,10,1,Tienda
6024,2026-04-27,11,4,Tienda
6025,2026-04-27,30,6,Mayorista
6026,2026-04-27,13,1,Tienda
6027,2026-04-27,16,6,Online
6028,2026-04-28,13,4,Tienda
6029,2026-04-28,21,4,Mayorista
6030,2026-04-28,2,4,Online
6031,2026-04-28,23,6,Online
6032,2026-04-28,1,1,Tienda
6033,2026-04-28,28,6,Tienda
6034,2026-04-28,23,7,Tienda
6035,2026-04-28,17,6,Tienda
6036,2026-04-28,14,6,Mayorista
6037,2026-04-28,30,6,Online
6038,2026-04-28,23,7,Tienda
6039,2026-04-28,26,6,Tienda
6040,2026-04-28,26,5,Tienda
6041,2026-04-28,2,5,Tienda
6042,2026-04-28,2,7,Tienda
6043,2026-04-28,7,1,Mayorista
6044,2026-04-28,20,2,Mayorista
6045,2026-04-28,20,5,Tienda
6046,2026-04-28,11,3,Online
6047,2026-04-28,30,4,Mayorista
6048,2026-04-28,4,3,Mayorista
6049,2026-04-28,25,7,Tienda
6050,2026-04-28,15,6,Online
6051,2026-04-28,14,3,Tienda
6052,2026-04-28,2,7,Mayorista
6053,2026-04-28,23,1,Mayorista
6054,2026-04-28,24,3,Online
6055,2026-04-28,11,2,Tienda
6056,2026-04-28,16,1,Tienda
6057,2026-04-28,19,5,Mayorista
6058,2026-04-28,12,3,Tienda
6059,2026-04-29,20,4,Tienda
6060,2026-04-29,30,1,Tienda
6061,2026-04-29,20,2,Tienda
6062,2026-04-29,28,3,Mayorista
6063,2026-04-29,30,5,Tienda
6064,2026-04-29,20,5,Online
6065,2026-04-29,25,2,Tienda
6066,2026-04-29,2,7,Online
6067,2026-04-29,14,3,Tienda
6068,2026-04-29,11,2,Mayorista
6069,2026-04-29,26,3,Online
6070,2026-04-29,21,1,Tienda
6071,2026-04-29,20,2,Online
6072,2026-04-29,29,5,Mayorista
6073,2026-04-29,4,1,Online
6074,2026-04-29,29,6,Tienda
6075,2026-04-29,4,4,Online
6076,2026-04-29,12,2,Tienda
6077,2026-04-29,20,4,Mayorista
6078,2026-04-29,12,1,Tienda
6079,2026-04-29,21,5,Mayorista
6080,2026-04-29,25,1,Tienda
6081,2026-04-29,26,7,Tienda
6082,2026-04-29,7,6,Tienda
6083,2026-04-29,7,7,Tienda
6084,2026-04-29,2,5,Online
6085,2026-04-29,15,6,Tienda
6086,2026-04-29,5,2,Tienda
6087,2026-04-29,11,6,Tienda
6088,2026-04-29,26,2,Online
6089,2026-04-29,29,2,Tienda
6090,2026-04-29,26,4,Tienda
6091,2026-04-30,28,7,Tienda
6092,2026-04-30,23,4,Online
6093,2026-04-30,20,3,Mayorista
6094,2026-04-30,10,4,Tienda
6095,2026-04-30,5,6,Tienda
6096,2026-04-30,24,7,Tienda
6097,2026-04-30,17,2,Tienda
6098,2026-04-30,20,5,Tienda
6099,2026-04-30,30,7,Online
6100,2026-04-30,12,2,Tienda
6101,2026-04-30,26,7,Tienda
6102,2026-04-30,17,1,Tienda
6103,2026-04-30,10,6,Tienda
6104,2026-04-30,2,7,Tienda
6105,2026-04-30,20,5,Tienda
6106,2026-04-30,11,4,Mayorista
6107,2026-04-30,21,7,Online
6108,2026-04-30,22,3,Tienda
6109,2026-05-01,9,2,Mayorista
6110,2026-05-01,3,6,Online
6111,2026-05-01,4,1,Mayorista
6112,2026-05-01,29,4,Mayorista
6113,2026-05-01,25,7,Tienda
6114,2026-05-01,10,1,Tienda
6115,2026-05-01,16,4,Tienda
6116,2026-05-01,22,6,Tienda
6117,2026-05-01,12,6,Tienda
6118,2026-05-01,14,4,Mayorista
6119,2026-05-01,23,4,Tienda
6120,2026-05-01,9,4,Tienda
6121,2026-05-01,16,2,Online
6122,2026-05-01,8,6,Tienda
6123,2026-05-01,1,2,Mayorista
6124,2026-05-01,21,3,Online
6125,2026-05-01,22,2,Tienda
6126,2026-05-01,30,6,Mayorista
6127,2026-05-01,7,4,Tienda
6128,2026-05-01,24,5,Mayorista
6129,2026-05-01,29,3,Online
6130,2026-05-01,20,7,Online
6131,2026-05-01,30,7,Tienda
6132,2026-05-01,30,3,Tienda
6133,2026-05-02,12,7,Mayorista
6134,2026-05-02,29,1,Tienda
6135,2026-05-02,6,1,Tienda
6136,2026-05-02,26,3,Tienda
6137,2026-05-02,10,3,Online
6138,2026-05-02,2,7,Tienda
6139,2026-05-02,2,1,Tienda
6140,2026-05-02,14,3,Tienda
6141,2026-05-02,14,3,Tienda
6142,2026-05-02,11,2,Online
6143,2026-05-02,21,5,Mayorista
6144,2026-05-02,15,7,Mayorista
6145,2026-05-02,3,2,Online
6146,2026-05-02,12,4,Mayorista
6147,2026-05-02,4,3,Tienda
6148,2026-05-02,3,1,Tienda
6149,2026-05-02,8,1,Mayorista
6150,2026-05-02,22,7,Online
6151,2026-05-02,21,4,Mayorista
6152,2026-05-02,27,3,Tienda
6153,2026-05-02,24,6,Tienda
6154,2026-05-02,16,2,Online
6155,2026-05-02,11,7,Tienda
6156,2026-05-02,1,7,Tienda
6157,2026-05-02,20,6,Tienda
6158,2026-05-02,11,4,Mayorista
6159,2026-05-02,10,6,Tienda
6160,2026-05-02,30,3,Tienda
6161,2026-05-02,6,7,Mayorista
6162,2026-05-03,29,5,Online
6163,2026-05-03,17,7,Tienda
6164,2026-05-03,12,1,Tienda
6165,2026-05-03,7,3,Online
6166,2026-05-03,30,5,Tienda
6167,2026-05-03,23,7,Online
6168,2026-05-03,9,7,Tienda
6169,2026-05-03,4,5,Tienda
6170,2026-05-03,7,3,Mayorista
6171,2026-05-03,10,7,Online
6172,2026-05-03,4,6,Online
6173,2026-05-03,10,1,Mayorista
6174,2026-05-03,5,2,Mayorista
6175,2026-05-03,12,1,Tienda
6176,2026-05-03,15,6,Tienda
6177,2026-05-03,14,7,Tienda
6178,2026-05-03,26,1,Tienda
6179,2026-05-03,10,5,Mayorista
6180,2026-05-03,27,6,Tienda
6181,2026-05-03,28,2,Tienda
6182,2026-05-03,29,2,Mayorista
6183,2026-05-03,7,2,Tienda
6184,2026-05-03,10,6,Tienda
6185,2026-05-04,7,3,Tienda
6186,2026-05-04,11,4,Mayorista
6187,2026-05-04,10,4,Tienda
6188,2026-05-04,17,4,Mayorista
6189,2026-05-04,11,3,Tienda
6190,2026-05-04,23,7,Mayorista
6191,2026-05-04,17,7,Mayorista
6192,2026-05-04,16,1,Tienda
6193,2026-05-04,29,5,Mayorista
6194,2026-05-04,11,3,Tienda
6195,2026-05-04,20,3,Tienda
6196,2026-05-04,1,6,Tienda
6197,2026-05-04,23,7,Tienda
6198,2026-05-04,15,7,Mayorista
6199,2026-05-04,8,4,Tienda
6200,2026-05-04,1,7,Tienda
6201,2026-05-04,22,6,Tienda
6202,2026-05-04,20,3,Tienda
6203,2026-05-04,20,4,Online
6204,2026-05-04,14,3,Tienda
6205,2026-05-04,20,6,Tienda
6206,2026-05-04,17,5,Tienda
6207,2026-05-04,10,1,Tienda
6208,2026-05-05,26,2,Tienda
6209,2026-05-05,26,6,Online
6210,2026-05-05,3,4,Online
6211,2026-05-05,28,6,Tienda
6212,2026-05-05,29,4,Tienda
6213,2026-05-05,2,3,Tienda
6214,2026-05-05,29,4,Tienda
6215,2026-05-05,10,5,Online
6216,2026-05-05,20,2,Tienda
6217,2026-05-05,6,6,Tienda
6218,2026-05-05,26,3,Mayorista
6219,2026-05-05,27,2,Tienda
6220,2026-05-05,30,2,Tienda
6221,2026-05-05,30,3,Tienda
6222,2026-05-05,3,5,Tienda
6223,2026-05-05,20,5,Online
6224,2026-05-05,10,7,Tienda
6225,2026-05-05,5,5,Mayorista
6226,2026-05-05,6,4,Mayorista
6227,2026-05-05,29,6,Online
6228,2026-05-05,21,5,Mayorista
6229,2026-05-05,2,5,Tienda
6230,2026-05-05,30,7,Mayorista
6231,2026-05-05,26,5,Tienda
6232,2026-05-06,26,5,Online
6233,2026-05-06,20,1,Tienda
6234,2026-05-06,7,3,Online
6235,2026-05-06,19,3,Tienda
6236,2026-05-06,6,1,Mayorista
6237,2026-05-06,15,5,Tienda
6238,2026-05-06,18,7,Tienda
6239,2026-05-06,20,7,Tienda
6240,2026-05-06,6,4,Mayorista
6241,2026-05-06,4,5,Tienda
6242,2026-05-06,10,5,Online
6243,2026-05-06,19,2,Tienda
6244,2026-05-06,29,3,Mayorista
6245,2026-05-06,25,4,Tienda
6246,2026-05-06,24,2,Mayorista
6247,2026-05-06,11,2,Tienda
6248,2026-05-06,4,4,Tienda
6249,2026-05-06,28,7,Tienda
6250,2026-05-06,15,3,Tienda
6251,2026-05-06,4,1,Tienda
6252,2026-05-06,16,2,Online
6253,2026-05-07,20,1,Tienda
6254,2026-05-07,26,4,Tienda
6255,2026-05-07,6,5,Tienda
6256,2026-05-07,11,3,Online
6257,2026-05-07,2,1,Tienda
6258,2026-05-07,12,4,Online
6259,2026-05-07,30,7,Mayorista
6260,2026-05-07,11,5,Tienda
6261,2026-05-07,27,5,Tienda
6262,2026-05-07,3,5,Online
6263,2026-05-07,15,5,Tienda
6264,2026-05-07,12,4,Mayorista
6265,2026-05-07,7,6,Tienda
6266,2026-05-07,12,6,Tienda
6267,2026-05-07,20,6,Tienda
6268,2026-05-07,15,5,Tienda
6269,2026-05-07,27,3,Tienda
6270,2026-05-07,28,1,Tienda
6271,2026-05-07,15,3,Tienda
6272,2026-05-07,30,6,Mayorista
6273,2026-05-07,3,5,Tienda
6274,2026-05-07,10,7,Online
6275,2026-05-07,14,1,Mayorista
6276,2026-05-07,18,4,Tienda
6277,2026-05-07,16,5,Tienda
6278,2026-05-07,17,3,Mayorista
6279,2026-05-07,28,2,Mayorista
6280,2026-05-07,10,2,Tienda
6281,2026-05-07,26,3,Tienda
6282,2026-05-08,10,5,Tienda
6283,2026-05-08,24,6,Online
6284,2026-05-08,23,6,Mayorista
6285,2026-05-08,8,6,Tienda
6286,2026-05-08,15,3,Tienda
6287,2026-05-08,4,7,Tienda
6288,2026-05-08,23,6,Mayorista
6289,2026-05-08,26,6,Online
6290,2026-05-08,28,4,Mayorista
6291,2026-05-08,27,6,Online
6292,2026-05-08,11,4,Tienda
6293,2026-05-08,10,5,Mayorista
6294,2026-05-08,28,6,Tienda
6295,2026-05-08,6,7,Mayorista
6296,2026-05-08,3,2,Mayorista
6297,2026-05-09,15,2,Tienda
6298,2026-05-09,2,4,Online
6299,2026-05-09,17,4,Tienda
6300,2026-05-09,21,6,Online
6301,2026-05-09,4,7,Tienda
6302,2026-05-09,10,1,Tienda
6303,2026-05-09,23,7,Tienda
6304,2026-05-09,26,2,Tienda
6305,2026-05-09,30,1,Tienda
6306,2026-05-09,10,1,Tienda
6307,2026-05-09,26,7,Mayorista
6308,2026-05-09,6,6,Tienda
6309,2026-05-09,5,1,Tienda
6310,2026-05-09,23,2,Mayorista
6311,2026-05-09,14,6,Tienda
6312,2026-05-09,26,3,Mayorista
6313,2026-05-09,10,4,Tienda
6314,2026-05-09,8,4,Mayorista
6315,2026-05-09,16,3,Tienda
6316,2026-05-09,5,7,Tienda
6317,2026-05-09,10,7,Tienda
6318,2026-05-09,6,4,Tienda
6319,2026-05-09,11,4,Online
6320,2026-05-09,24,2,Online
6321,2026-05-09,5,4,Mayorista
6322,2026-05-09,19,7,Tienda
6323,2026-05-09,18,5,Tienda
6324,2026-05-10,24,2,Online
6325,2026-05-10,12,3,Tienda
6326,2026-05-10,3,7,Online
6327,2026-05-10,16,1,Online
6328,2026-05-10,30,7,Tienda
6329,2026-05-10,21,6,Online
6330,2026-05-10,6,7,Tienda
6331,2026-05-10,16,7,Tienda
6332,2026-05-10,28,2,Tienda
6333,2026-05-10,2,5,Tienda
6334,2026-05-10,20,3,Mayorista
6335,2026-05-10,23,4,Tienda
6336,2026-05-10,22,5,Tienda
6337,2026-05-10,6,6,Tienda
6338,2026-05-10,28,1,Online
6339,2026-05-10,11,1,Mayorista
6340,2026-05-10,2,1,Tienda
6341,2026-05-10,3,2,Mayorista
6342,2026-05-10,14,1,Tienda
6343,2026-05-10,2,1,Tienda
6344,2026-05-10,25,3,Online
6345,2026-05-10,27,7,Mayorista
6346,2026-05-10,1,3,Online
6347,2026-05-11,25,7,Mayorista
6348,2026-05-11,21,3,Mayorista
6349,2026-05-11,15,6,Online
6350,2026-05-11,21,3,Online
6351,2026-05-11,20,5,Tienda
6352,2026-05-11,1,4,Online
6353,2026-05-11,22,1,Tienda
6354,2026-05-11,10,3,Online
6355,2026-05-11,16,2,Tienda
6356,2026-05-11,4,4,Mayorista
6357,2026-05-11,2,2,Tienda
6358,2026-05-11,1,2,Online
6359,2026-05-11,6,2,Online
6360,2026-05-11,2,1,Online
6361,2026-05-11,5,2,Tienda
6362,2026-05-11,17,4,Mayorista
6363,2026-05-11,13,1,Tienda
6364,2026-05-11,30,7,Tienda
6365,2026-05-11,26,7,Mayorista
6366,2026-05-11,6,4,Online
6367,2026-05-11,14,6,Mayorista
6368,2026-05-11,14,3,Tienda
6369,2026-05-11,12,2,Tienda
6370,2026-05-11,15,2,Tienda
6371,2026-05-11,21,5,Tienda
6372,2026-05-11,20,5,Online
6373,2026-05-11,12,6,Tienda
6374,2026-05-11,22,7,Tienda
6375,2026-05-12,26,7,Tienda
6376,2026-05-12,18,4,Online
6377,2026-05-12,6,2,Tienda
6378,2026-05-12,27,3,Online
6379,2026-05-12,14,6,Tienda
6380,2026-05-12,6,3,Online
6381,2026-05-12,7,4,Mayorista
6382,2026-05-12,25,4,Tienda
6383,2026-05-12,29,4,Online
6384,2026-05-12,12,7,Tienda
6385,2026-05-12,3,5,Online
6386,2026-05-12,4,4,Tienda
6387,2026-05-12,20,3,Mayorista
6388,2026-05-12,12,3,Online
6389,2026-05-12,14,3,Mayorista
6390,2026-05-12,11,7,Online
6391,2026-05-12,15,6,Online
6392,2026-05-12,20,6,Mayorista
6393,2026-05-12,16,5,Tienda
6394,2026-05-12,6,5,Tienda
6395,2026-05-12,15,7,Mayorista
6396,2026-05-12,15,1,Online
6397,2026-05-12,16,3,Tienda
6398,2026-05-12,4,4,Tienda
6399,2026-05-12,6,3,Online
6400,2026-05-13,10,3,Tienda
6401,2026-05-13,16,3,Mayorista
6402,2026-05-13,15,5,Tienda
6403,2026-05-13,27,1,Tienda
6404,2026-05-13,28,2,Tienda
6405,2026-05-13,24,4,Tienda
6406,2026-05-13,11,3,Online
6407,2026-05-13,2,2,Online
6408,2026-05-13,28,2,Tienda
6409,2026-05-13,30,1,Tienda
6410,2026-05-13,5,4,Online
6411,2026-05-13,21,7,Tienda
6412,2026-05-13,14,5,Tienda
6413,2026-05-13,6,2,Tienda
6414,2026-05-13,30,4,Tienda
6415,2026-05-13,29,6,Tienda
6416,2026-05-13,30,4,Online
6417,2026-05-13,6,7,Mayorista
6418,2026-05-13,15,1,Online
6419,2026-05-13,28,5,Online
6420,2026-05-13,21,1,Tienda
6421,2026-05-13,14,5,Mayorista
6422,2026-05-13,16,7,Mayorista
6423,2026-05-14,20,5,Mayorista
6424,2026-05-14,27,3,Tienda
6425,2026-05-14,6,1,Tienda
6426,2026-05-14,28,3,Online
6427,2026-05-14,20,7,Tienda
6428,2026-05-14,11,6,Tienda
6429,2026-05-14,30,3,Tienda
6430,2026-05-14,21,1,Tienda
6431,2026-05-14,28,1,Tienda
6432,2026-05-14,1,6,Tienda
6433,2026-05-14,17,1,Online
6434,2026-05-14,22,5,Tienda
6435,2026-05-14,1,1,Online
6436,2026-05-14,24,2,Tienda
6437,2026-05-14,20,6,Online
6438,2026-05-14,10,6,Mayorista
6439,2026-05-14,21,5,Tienda
6440,2026-05-14,5,1,Mayorista
6441,2026-05-14,26,7,Tienda
6442,2026-05-14,27,4,Tienda
6443,2026-05-14,15,3,Online
6444,2026-05-14,16,1,Mayorista
6445,2026-05-14,14,5,Tienda
6446,2026-05-15,20,5,Tienda
6447,2026-05-15,9,3,Tienda
6448,2026-05-15,2,3,Tienda
6449,2026-05-15,20,2,Online
6450,2026-05-15,11,6,Mayorista
6451,2026-05-15,16,1,Tienda
6452,2026-05-15,10,7,Tienda
6453,2026-05-15,21,4,Tienda
6454,2026-05-15,28,1,Mayorista
6455,2026-05-15,3,7,Tienda
6456,2026-05-15,25,2,Tienda
6457,2026-05-15,6,7,Tienda
6458,2026-05-16,12,7,Tienda
6459,2026-05-16,14,3,Mayorista
6460,2026-05-16,24,7,Mayorista
6461,2026-05-16,24,5,Tienda
6462,2026-05-16,14,7,Tienda
6463,2026-05-16,10,1,Mayorista
6464,2026-05-16,6,2,Mayorista
6465,2026-05-16,1,6,Mayorista
6466,2026-05-16,4,7,Online
6467,2026-05-16,6,6,Tienda
6468,2026-05-16,21,1,Tienda
6469,2026-05-16,26,2,Tienda
6470,2026-05-16,23,6,Mayorista
6471,2026-05-16,23,6,Tienda
6472,2026-05-16,30,5,Mayorista
6473,2026-05-16,30,6,Online
6474,2026-05-16,10,5,Tienda
6475,2026-05-16,6,5,Tienda
6476,2026-05-16,6,3,Tienda
6477,2026-05-16,28,7,Mayorista
6478,2026-05-16,4,6,Mayorista
6479,2026-05-16,12,3,Mayorista
6480,2026-05-16,16,1,Tienda
6481,2026-05-16,20,7,Online
6482,2026-05-16,18,1,Mayorista
6483,2026-05-16,25,5,Mayorista
6484,2026-05-16,17,7,Tienda
6485,2026-05-16,27,2,Tienda
6486,2026-05-16,3,2,Tienda
6487,2026-05-16,27,4,Tienda
6488,2026-05-16,18,4,Tienda
6489,2026-05-17,14,7,Tienda
6490,2026-05-17,11,5,Online
6491,2026-05-17,20,6,Tienda
6492,2026-05-17,21,1,Online
6493,2026-05-17,10,5,Tienda
6494,2026-05-17,2,1,Mayorista
6495,2026-05-17,29,1,Tienda
6496,2026-05-17,24,2,Mayorista
6497,2026-05-17,7,7,Tienda
6498,2026-05-17,17,6,Tienda
6499,2026-05-17,18,2,Tienda
6500,2026-05-17,5,4,Online
6501,2026-05-17,7,2,Tienda
6502,2026-05-17,29,7,Tienda
6503,2026-05-17,16,6,Tienda
6504,2026-05-17,7,6,Online
6505,2026-05-17,26,5,Tienda
6506,2026-05-17,15,1,Online
6507,2026-05-17,20,3,Tienda
6508,2026-05-17,11,7,Mayorista
6509,2026-05-17,2,1,Tienda
6510,2026-05-17,6,3,Tienda
6511,2026-05-17,30,7,Online
6512,2026-05-17,20,2,Tienda
6513,2026-05-17,26,5,Tienda
6514,2026-05-17,2,4,Mayorista
6515,2026-05-17,24,3,Tienda
6516,2026-05-17,15,7,Tienda
6517,2026-05-18,27,4,Online
6518,2026-05-18,11,7,Tienda
6519,2026-05-18,11,1,Online
6520,2026-05-18,11,7,Tienda
6521,2026-05-18,2,3,Mayorista
6522,2026-05-18,6,4,Mayorista
6523,2026-05-18,30,2,Online
6524,2026-05-18,10,2,Mayorista
6525,2026-05-18,2,6,Tienda
6526,2026-05-18,10,7,Tienda
6527,2026-05-18,14,6,Tienda
6528,2026-05-18,16,7,Tienda
6529,2026-05-18,3,4,Tienda
6530,2026-05-18,25,5,Online
6531,2026-05-18,26,5,Online
6532,2026-05-18,8,1,Tienda
6533,2026-05-18,26,4,Tienda
6534,2026-05-18,12,6,Tienda
6535,2026-05-18,14,5,Online
6536,2026-05-18,29,7,Tienda
6537,2026-05-18,28,4,Tienda
6538,2026-05-18,12,2,Mayorista
6539,2026-05-18,15,2,Mayorista
6540,2026-05-18,11,3,Tienda
6541,2026-05-18,16,7,Tienda
6542,2026-05-18,21,5,Tienda
6543,2026-05-18,4,2,Tienda
6544,2026-05-19,10,7,Tienda
6545,2026-05-19,28,6,Online
6546,2026-05-19,20,2,Tienda
6547,2026-05-19,7,4,Online
6548,2026-05-19,18,5,Tienda
6549,2026-05-19,7,2,Tienda
6550,2026-05-19,27,2,Tienda
6551,2026-05-19,2,4,Online
6552,2026-05-19,16,5,Mayorista
6553,2026-05-19,3,7,Online
6554,2026-05-19,21,1,Tienda
6555,2026-05-19,29,1,Tienda
6556,2026-05-19,26,6,Tienda
6557,2026-05-19,12,2,Tienda
6558,2026-05-19,10,4,Mayorista
6559,2026-05-19,5,4,Tienda
6560,2026-05-19,27,1,Online
6561,2026-05-19,3,2,Tienda
6562,2026-05-19,20,4,Tienda
6563,2026-05-19,12,5,Mayorista
6564,2026-05-19,30,2,Tienda
6565,2026-05-19,16,4,Tienda
6566,2026-05-19,16,2,Mayorista
6567,2026-05-19,28,1,Tienda
6568,2026-05-19,30,7,Online
6569,2026-05-19,18,4,Tienda
6570,2026-05-19,26,2,Mayorista
6571,2026-05-19,20,2,Tienda
6572,2026-05-19,14,7,Mayorista
6573,2026-05-19,2,6,Online
6574,2026-05-19,23,6,Online
6575,2026-05-19,22,4,Mayorista
6576,2026-05-20,11,4,Online
6577,2026-05-20,26,6,Tienda
6578,2026-05-20,3,4,Online
6579,2026-05-20,14,1,Tienda
6580,2026-05-20,24,4,Tienda
6581,2026-05-20,11,2,Tienda
6582,2026-05-20,10,2,Tienda
6583,2026-05-20,10,1,Online
6584,2026-05-20,22,5,Tienda
6585,2026-05-20,11,5,Tienda
6586,2026-05-20,14,1,Tienda
6587,2026-05-20,16,1,Online
6588,2026-05-20,29,6,Mayorista
6589,2026-05-20,26,1,Tienda
6590,2026-05-20,7,7,Online
6591,2026-05-20,27,6,Tienda
6592,2026-05-20,27,4,Tienda
6593,2026-05-21,20,2,Mayorista
6594,2026-05-21,11,1,Mayorista
6595,2026-05-21,5,7,Mayorista
6596,2026-05-21,17,1,Tienda
6597,2026-05-21,24,7,Online
6598,2026-05-21,17,4,Tienda
6599,2026-05-21,1,1,Online
6600,2026-05-21,10,4,Tienda
6601,2026-05-21,25,4,Tienda
6602,2026-05-21,24,7,Tienda
6603,2026-05-21,1,2,Tienda
6604,2026-05-21,15,7,Tienda
6605,2026-05-21,14,2,Tienda
6606,2026-05-21,20,2,Tienda
6607,2026-05-21,5,6,Tienda
6608,2026-05-21,20,3,Tienda
6609,2026-05-21,29,1,Mayorista
6610,2026-05-21,12,7,Tienda
6611,2026-05-21,11,3,Mayorista
6612,2026-05-21,2,7,Mayorista
6613,2026-05-22,7,3,Online
6614,2026-05-22,28,5,Tienda
6615,2026-05-22,16,3,Tienda
6616,2026-05-22,28,4,Tienda
6617,2026-05-22,23,2,Tienda
6618,2026-05-22,8,5,Tienda
6619,2026-05-22,13,1,Tienda
6620,2026-05-22,30,5,Tienda
6621,2026-05-22,2,7,Tienda
6622,2026-05-22,22,1,Tienda
6623,2026-05-22,30,3,Tienda
6624,2026-05-22,4,4,Tienda
6625,2026-05-22,10,5,Tienda
6626,2026-05-22,16,7,Tienda
6627,2026-05-22,27,2,Mayorista
6628,2026-05-22,16,5,Mayorista
6629,2026-05-22,3,2,Tienda
6630,2026-05-22,5,1,Tienda
6631,2026-05-22,12,4,Tienda
6632,2026-05-22,11,6,Mayorista
6633,2026-05-22,9,1,Tienda
6634,2026-05-22,26,1,Tienda
6635,2026-05-22,2,3,Tienda
6636,2026-05-22,26,4,Online
6637,2026-05-22,28,7,Tienda
6638,2026-05-23,15,4,Mayorista
6639,2026-05-23,28,4,Tienda
6640,2026-05-23,15,1,Online
6641,2026-05-23,28,1,Tienda
6642,2026-05-23,26,4,Online
6643,2026-05-23,6,3,Tienda
6644,2026-05-23,2,1,Tienda
6645,2026-05-23,24,2,Tienda
6646,2026-05-23,21,5,Tienda
6647,2026-05-23,19,3,Mayorista
6648,2026-05-23,30,7,Tienda
6649,2026-05-23,16,2,Tienda
6650,2026-05-23,12,1,Tienda
6651,2026-05-23,17,4,Tienda
6652,2026-05-23,2,2,Tienda
6653,2026-05-23,18,5,Tienda
6654,2026-05-23,28,3,Mayorista
6655,2026-05-23,1,4,Tienda
6656,2026-05-23,27,4,Tienda
6657,2026-05-23,26,3,Tienda
6658,2026-05-23,4,7,Tienda
6659,2026-05-23,27,5,Online
6660,2026-05-23,24,5,Online
6661,2026-05-23,15,5,Tienda
6662,2026-05-23,10,3,Tienda
6663,2026-05-23,11,3,Tienda
6664,2026-05-23,19,4,Tienda
6665,2026-05-23,10,1,Mayorista
6666,2026-05-23,11,1,Tienda
6667,2026-05-23,28,4,Mayorista
6668,2026-05-23,23,2,Online
6669,2026-05-23,23,4,Online
6670,2026-05-24,16,5,Tienda
6671,2026-05-24,6,5,Online
6672,2026-05-24,12,6,Online
6673,2026-05-24,25,3,Tienda
6674,2026-05-24,8,6,Tienda
6675,2026-05-24,30,4,Mayorista
6676,2026-05-24,11,2,Online
6677,2026-05-24,20,2,Tienda
6678,2026-05-24,20,1,Tienda
6679,2026-05-24,15,5,Tienda
6680,2026-05-24,20,7,Tienda
6681,2026-05-24,24,5,Online
6682,2026-05-24,20,3,Online
6683,2026-05-24,17,1,Online
6684,2026-05-24,19,2,Tienda
6685,2026-05-24,13,7,Tienda
6686,2026-05-24,3,6,Tienda
6687,2026-05-24,6,5,Tienda
6688,2026-05-24,19,3,Tienda
6689,2026-05-24,28,5,Tienda
6690,2026-05-24,2,4,Tienda
6691,2026-05-24,16,6,Tienda
6692,2026-05-24,10,6,Tienda
6693,2026-05-25,27,4,Tienda
6694,2026-05-25,14,4,Tienda
6695,2026-05-25,29,4,Tienda
6696,2026-05-25,27,1,Tienda
6697,2026-05-25,14,4,Tienda
6698,2026-05-25,12,1,Mayorista
6699,2026-05-25,21,3,Tienda
6700,2026-05-25,24,7,Online
6701,2026-05-25,7,5,Online
6702,2026-05-25,10,1,Mayorista
6703,2026-05-25,6,4,Tienda
6704,2026-05-25,24,5,Tienda
6705,2026-05-25,22,6,Tienda
6706,2026-05-25,7,2,Tienda
6707,2026-05-25,16,7,Tienda
6708,2026-05-25,24,5,Tienda
6709,2026-05-25,29,4,Online
6710,2026-05-25,7,5,Tienda
6711,2026-05-25,11,1,Mayorista
6712,2026-05-25,12,4,Tienda
6713,2026-05-25,20,4,Tienda
6714,2026-05-25,5,5,Tienda
6715,2026-05-25,7,1,Tienda
6716,2026-05-25,25,7,Tienda
6717,2026-05-26,17,1,Tienda
6718,2026-05-26,6,7,Mayorista
6719,2026-05-26,23,1,Tienda
6720,2026-05-26,15,2,Tienda
6721,2026-05-26,4,3,Online
6722,2026-05-26,17,6,Mayorista
6723,2026-05-26,28,1,Tienda
6724,2026-05-26,12,5,Mayorista
6725,2026-05-26,2,1,Online
6726,2026-05-26,29,7,Tienda
6727,2026-05-26,6,7,Tienda
6728,2026-05-26,15,6,Mayorista
6729,2026-05-26,16,2,Online
6730,2026-05-26,10,7,Tienda
6731,2026-05-26,7,4,Mayorista
6732,2026-05-26,4,2,Mayorista
6733,2026-05-26,3,5,Mayorista
6734,2026-05-26,16,6,Tienda
6735,2026-05-26,27,1,Tienda
6736,2026-05-26,5,7,Tienda
6737,2026-05-26,22,4,Tienda
6738,2026-05-26,14,4,Tienda
6739,2026-05-26,2,7,Tienda
6740,2026-05-26,16,6,Online
6741,2026-05-26,10,4,Mayorista
6742,2026-05-26,19,1,Tienda
6743,2026-05-26,12,4,Tienda
6744,2026-05-26,21,6,Tienda
6745,2026-05-27,12,2,Mayorista
6746,2026-05-27,7,4,Tienda
6747,2026-05-27,5,7,Mayorista
6748,2026-05-27,24,3,Tienda
6749,2026-05-27,8,1,Tienda
6750,2026-05-27,9,4,Tienda
6751,2026-05-27,12,4,Tienda
6752,2026-05-27,15,6,Tienda
6753,2026-05-27,16,3,Mayorista
6754,2026-05-27,20,1,Tienda
6755,2026-05-27,18,6,Mayorista
6756,2026-05-27,15,4,Tienda
6757,2026-05-27,13,1,Online
6758,2026-05-27,10,6,Tienda
6759,2026-05-27,22,1,Mayorista
6760,2026-05-27,11,6,Tienda
6761,2026-05-27,27,5,Mayorista
6762,2026-05-27,18,1,Tienda
6763,2026-05-27,20,4,Tienda
6764,2026-05-28,29,4,Online
6765,2026-05-28,15,7,Tienda
6766,2026-05-28,30,4,Tienda
6767,2026-05-28,16,1,Tienda
6768,2026-05-28,20,6,Mayorista
6769,2026-05-28,21,6,Online
6770,2026-05-28,15,4,Mayorista
6771,2026-05-28,17,4,Tienda
6772,2026-05-28,9,6,Tienda
6773,2026-05-28,12,3,Tienda
6774,2026-05-28,22,4,Mayorista
6775,2026-05-28,2,2,Tienda
6776,2026-05-28,22,2,Online
6777,2026-05-28,11,4,Mayorista
6778,2026-05-28,10,3,Tienda
6779,2026-05-28,21,1,Online
6780,2026-05-28,8,1,Tienda
6781,2026-05-28,30,3,Tienda
6782,2026-05-28,30,7,Tienda
6783,2026-05-28,14,4,Tienda
6784,2026-05-28,13,3,Tienda
6785,2026-05-28,3,7,Tienda
6786,2026-05-28,25,2,Mayorista
6787,2026-05-28,6,5,Online
6788,2026-05-28,29,3,Tienda
6789,2026-05-28,30,7,Tienda
6790,2026-05-28,5,6,Tienda
6791,2026-05-29,11,7,Online
6792,2026-05-29,8,1,Tienda
6793,2026-05-29,28,5,Tienda
6794,2026-05-29,10,6,Online
6795,2026-05-29,30,3,Mayorista
6796,2026-05-29,15,2,Tienda
6797,2026-05-29,9,7,Tienda
6798,2026-05-29,13,6,Online
6799,2026-05-29,7,6,Mayorista
6800,2026-05-29,26,7,Tienda
6801,2026-05-29,5,5,Mayorista
6802,2026-05-29,27,4,Tienda
6803,2026-05-29,2,1,Tienda
6804,2026-05-29,11,5,Tienda
6805,2026-05-29,6,6,Online
6806,2026-05-29,21,3,Tienda
6807,2026-05-29,16,4,Mayorista
6808,2026-05-29,29,3,Tienda
6809,2026-05-29,12,3,Tienda
6810,2026-05-30,13,7,Tienda
6811,2026-05-30,21,2,Online
6812,2026-05-30,6,6,Tienda
6813,2026-05-30,16,7,Mayorista
6814,2026-05-30,6,5,Online
6815,2026-05-30,20,2,Tienda
6816,2026-05-30,26,1,Mayorista
6817,2026-05-30,2,7,Tienda
6818,2026-05-30,14,5,Tienda
6819,2026-05-30,15,1,Online
6820,2026-05-30,23,5,Mayorista
6821,2026-05-30,3,6,Tienda
6822,2026-05-30,14,7,Tienda
6823,2026-05-30,25,2,Tienda
6824,2026-05-30,16,1,Tienda
6825,2026-05-30,24,5,Tienda
6826,2026-05-30,12,7,Tienda
6827,2026-05-30,28,5,Tienda
6828,2026-05-30,3,4,Tienda
6829,2026-05-30,4,3,Tienda
6830,2026-05-30,16,1,Tienda
6831,2026-05-30,15,4,Online
6832,2026-05-30,20,6,Mayorista
6833,2026-05-30,10,1,Tienda
6834,2026-05-30,9,3,Tienda
6835,2026-05-30,24,6,Tienda
6836,2026-05-31,24,7,Online
6837,2026-05-31,14,5,Online
6838,2026-05-31,15,3,Tienda
6839,2026-05-31,15,2,Tienda
6840,2026-05-31,30,1,Tienda
6841,2026-05-31,7,2,Mayorista
6842,2026-05-31,24,6,Tienda
6843,2026-05-31,1,1,Tienda
6844,2026-05-31,20,4,Mayorista
6845,2026-05-31,20,4,Online
6846,2026-05-31,24,7,Tienda
6847,2026-05-31,28,2,Mayorista
6848,2026-05-31,24,4,Tienda
6849,2026-05-31,23,3,Mayorista
6850,2026-05-31,10,5,Online
6851,2026-05-31,30,3,Tienda
6852,2026-05-31,15,5,Mayorista
6853,2026-05-31,14,3,Mayorista
6854,2026-05-31,15,3,Tienda
6855,2026-05-31,13,7,Mayorista
6856,2026-05-31,18,6,Tienda
6857,2026-05-31,12,2,Tienda
6858,2026-05-31,10,3,Online
6859,2026-05-31,28,2,Tienda
6860,2026-05-31,28,5,Mayorista
6861,2026-05-31,15,6,Mayorista
6862,2026-05-31,30,7,Tienda
6863,2026-05-31,14,5,Mayorista
6864,2026-05-31,13,7,Tienda
6865,2026-05-31,28,5,Tienda
6866,2026-05-31,20,7,Mayorista
6867,2026-05-31,24,3,Online
6868,2026-05-31,14,6,Tienda
6869,2026-05-31,14,3,Tienda
6870,2026-05-31,3,1,Online
6871,2026-05-31,30,5,Tienda
6872,2026-05-31,9,7,Tienda
6873,2026-05-31,15,5,Tienda
6874,2026-05-31,4,5,Tienda
6875,2026-06-01,18,2,Tienda
6876,2026-06-01,27,7,Tienda
6877,2026-06-01,11,6,Tienda
6878,2026-06-01,5,1,Mayorista
6879,2026-06-01,26,3,Online
6880,2026-06-01,30,3,Tienda
6881,2026-06-01,12,2,Mayorista
6882,2026-06-01,27,7,Tienda
6883,2026-06-01,24,7,Mayorista
6884,2026-06-01,28,5,Mayorista
6885,2026-06-01,14,5,Tienda
6886,2026-06-01,4,5,Tienda
6887,2026-06-01,5,1,Tienda
6888,2026-06-01,24,5,Mayorista
6889,2026-06-02,16,6,Mayorista
6890,2026-06-02,20,4,Mayorista
6891,2026-06-02,27,2,Tienda
6892,2026-06-02,16,6,Mayorista
6893,2026-06-02,4,6,Online
6894,2026-06-02,28,3,Online
6895,2026-06-02,17,2,Tienda
6896,2026-06-02,10,2,Mayorista
6897,2026-06-02,28,4,Online
6898,2026-06-02,5,2,Mayorista
6899,2026-06-02,4,2,Tienda
6900,2026-06-02,16,3,Tienda
6901,2026-06-02,20,2,Tienda
6902,2026-06-02,16,6,Tienda
6903,2026-06-02,28,7,Mayorista
6904,2026-06-02,10,2,Mayorista
6905,2026-06-02,30,6,Mayorista
6906,2026-06-02,2,5,Online
6907,2026-06-02,5,1,Tienda
6908,2026-06-02,7,7,Tienda
6909,2026-06-02,3,3,Tienda
6910,2026-06-03,20,7,Mayorista
6911,2026-06-03,12,3,Tienda
6912,2026-06-03,13,5,Tienda
6913,2026-06-03,14,2,Tienda
6914,2026-06-03,5,1,Tienda
6915,2026-06-03,10,2,Online
6916,2026-06-03,16,3,Online
6917,2026-06-03,25,6,Tienda
6918,2026-06-03,14,3,Tienda
6919,2026-06-03,13,6,Tienda
6920,2026-06-03,20,4,Tienda
6921,2026-06-03,6,2,Mayorista
6922,2026-06-03,12,2,Tienda
6923,2026-06-03,8,4,Tienda
6924,2026-06-03,20,4,Tienda
6925,2026-06-03,4,1,Mayorista
6926,2026-06-03,14,3,Tienda
6927,2026-06-03,18,3,Mayorista
6928,2026-06-03,26,3,Tienda
6929,2026-06-03,23,4,Online
6930,2026-06-04,10,3,Tienda
6931,2026-06-04,26,6,Online
6932,2026-06-04,27,6,Mayorista
6933,2026-06-04,27,5,Tienda
6934,2026-06-04,27,6,Tienda
6935,2026-06-04,23,5,Online
6936,2026-06-04,6,7,Online
6937,2026-06-04,2,1,Online
6938,2026-06-04,12,6,Online
6939,2026-06-04,15,5,Mayorista
6940,2026-06-04,11,7,Tienda
6941,2026-06-04,24,4,Tienda
6942,2026-06-04,23,1,Tienda
6943,2026-06-04,30,6,Mayorista
6944,2026-06-05,16,6,Tienda
6945,2026-06-05,26,5,Tienda
6946,2026-06-05,20,1,Mayorista
6947,2026-06-05,6,7,Tienda
6948,2026-06-05,12,7,Tienda
6949,2026-06-05,17,1,Online
6950,2026-06-05,16,2,Tienda
6951,2026-06-05,26,5,Mayorista
6952,2026-06-05,29,2,Mayorista
6953,2026-06-05,4,2,Tienda
6954,2026-06-05,9,5,Tienda
6955,2026-06-05,13,4,Online
6956,2026-06-05,11,2,Online
6957,2026-06-05,14,6,Mayorista
6958,2026-06-05,2,1,Tienda
6959,2026-06-05,3,2,Tienda
6960,2026-06-05,26,6,Tienda
6961,2026-06-05,4,7,Online
6962,2026-06-05,26,1,Tienda
6963,2026-06-05,11,2,Online
6964,2026-06-05,11,3,Online
6965,2026-06-06,20,6,Tienda
6966,2026-06-06,20,3,Tienda
6967,2026-06-06,12,2,Tienda
6968,2026-06-06,2,5,Mayorista
6969,2026-06-06,14,2,Tienda
6970,2026-06-06,2,2,Tienda
6971,2026-06-06,15,3,Tienda
6972,2026-06-06,15,3,Online
6973,2026-06-06,7,6,Tienda
6974,2026-06-06,25,2,Tienda
6975,2026-06-06,22,3,Mayorista
6976,2026-06-06,17,3,Tienda
6977,2026-06-06,28,6,Tienda
6978,2026-06-06,11,6,Tienda
6979,2026-06-06,10,3,Tienda
6980,2026-06-06,7,6,Mayorista
6981,2026-06-06,16,3,Tienda
6982,2026-06-06,8,4,Mayorista
6983,2026-06-06,27,1,Mayorista
6984,2026-06-06,11,3,Mayorista
6985,2026-06-06,15,3,Tienda
6986,2026-06-06,16,2,Online
6987,2026-06-06,11,1,Online
6988,2026-06-06,24,2,Tienda
6989,2026-06-06,21,2,Tienda
6990,2026-06-06,24,2,Online
6991,2026-06-06,19,6,Tienda
6992,2026-06-06,15,6,Tienda
6993,2026-06-06,14,7,Tienda
6994,2026-06-06,23,3,Tienda
6995,2026-06-07,8,7,Tienda
6996,2026-06-07,2,6,Tienda
6997,2026-06-07,21,1,Tienda
6998,2026-06-07,2,6,Tienda
6999,2026-06-07,30,3,Tienda
7000,2026-06-07,12,6,Online
7001,2026-06-07,1,3,Tienda
7002,2026-06-07,27,6,Tienda
7003,2026-06-07,18,1,Online
7004,2026-06-07,26,3,Tienda
7005,2026-06-07,14,5,Tienda
7006,2026-06-07,12,4,Tienda
7007,2026-06-07,20,3,Tienda
7008,2026-06-07,14,1,Tienda
7009,2026-06-07,17,2,Tienda
7010,2026-06-07,10,1,Tienda
7011,2026-06-07,11,6,Tienda
7012,2026-06-07,3,1,Tienda
7013,2026-06-07,25,2,Mayorista
7014,2026-06-07,12,3,Tienda
7015,2026-06-07,30,3,Tienda
7016,2026-06-07,10,1,Online
7017,2026-06-07,15,2,Mayorista
7018,2026-06-07,11,2,Tienda
7019,2026-06-07,21,6,Tienda
7020,2026-06-08,28,1,Tienda
7021,2026-06-08,28,7,Tienda
7022,2026-06-08,6,1,Online
7023,2026-06-08,3,7,Tienda
7024,2026-06-08,11,3,Tienda
7025,2026-06-08,19,2,Online
7026,2026-06-08,19,5,Online
7027,2026-06-08,10,5,Tienda
7028,2026-06-08,29,7,Tienda
7029,2026-06-08,11,2,Tienda
7030,2026-06-08,26,4,Online
7031,2026-06-08,26,3,Tienda
7032,2026-06-08,4,6,Mayorista
7033,2026-06-08,10,2,Online
7034,2026-06-08,9,1,Tienda
7035,2026-06-08,28,1,Tienda
7036,2026-06-08,12,5,Mayorista
7037,2026-06-08,26,5,Tienda
7038,2026-06-08,15,7,Tienda
7039,2026-06-08,14,7,Tienda
7040,2026-06-08,28,5,Tienda
7041,2026-06-08,14,4,Mayorista
7042,2026-06-08,24,5,Tienda
7043,2026-06-08,14,2,Mayorista
7044,2026-06-09,30,2,Mayorista
7045,2026-06-09,8,6,Tienda
7046,2026-06-09,4,4,Tienda
7047,2026-06-09,17,4,Tienda
7048,2026-06-09,26,3,Online
7049,2026-06-09,3,1,Tienda
7050,2026-06-09,15,4,Tienda
7051,2026-06-09,3,5,Tienda
7052,2026-06-09,14,6,Tienda
7053,2026-06-09,12,3,Mayorista
7054,2026-06-09,5,6,Tienda
7055,2026-06-09,28,2,Tienda
7056,2026-06-09,20,5,Mayorista
7057,2026-06-09,27,1,Online
7058,2026-06-09,28,4,Tienda
7059,2026-06-09,28,4,Tienda
7060,2026-06-09,24,5,Tienda
7061,2026-06-09,11,4,Online
7062,2026-06-10,9,5,Tienda
7063,2026-06-10,17,6,Mayorista
7064,2026-06-10,6,3,Tienda
7065,2026-06-10,11,4,Mayorista
7066,2026-06-10,28,4,Tienda
7067,2026-06-10,1,5,Online
7068,2026-06-10,28,3,Online
7069,2026-06-10,11,1,Online
7070,2026-06-10,21,7,Tienda
7071,2026-06-10,4,5,Tienda
7072,2026-06-10,20,3,Mayorista
7073,2026-06-10,28,6,Tienda
7074,2026-06-10,17,1,Tienda
7075,2026-06-10,12,3,Tienda
7076,2026-06-10,26,1,Online
7077,2026-06-10,22,2,Mayorista
7078,2026-06-10,5,1,Mayorista
7079,2026-06-10,20,2,Mayorista
7080,2026-06-10,20,1,Tienda
7081,2026-06-10,24,6,Tienda
7082,2026-06-11,10,1,Online
7083,2026-06-11,23,7,Online
7084,2026-06-11,22,2,Tienda
7085,2026-06-11,24,7,Tienda
7086,2026-06-11,16,6,Tienda
7087,2026-06-11,26,6,Tienda
7088,2026-06-11,20,5,Tienda
7089,2026-06-11,5,3,Tienda
7090,2026-06-11,26,5,Mayorista
7091,2026-06-11,11,3,Tienda
7092,2026-06-11,22,3,Online
7093,2026-06-11,21,2,Mayorista
7094,2026-06-11,11,2,Tienda
7095,2026-06-11,6,3,Tienda
7096,2026-06-11,21,3,Tienda
7097,2026-06-11,27,5,Tienda
7098,2026-06-11,26,1,Tienda
7099,2026-06-11,20,3,Tienda
7100,2026-06-11,9,3,Tienda
7101,2026-06-11,11,4,Tienda
7102,2026-06-11,24,1,Tienda
7103,2026-06-11,14,2,Tienda
7104,2026-06-11,23,3,Tienda
7105,2026-06-11,11,3,Tienda
7106,2026-06-11,1,7,Tienda
7107,2026-06-11,19,6,Tienda
7108,2026-06-11,19,5,Tienda
7109,2026-06-12,30,1,Online
7110,2026-06-12,29,7,Online
7111,2026-06-12,18,4,Tienda
7112,2026-06-12,21,6,Mayorista
7113,2026-06-12,14,3,Tienda
7114,2026-06-12,28,2,Online
7115,2026-06-12,17,5,Tienda
7116,2026-06-12,11,3,Tienda
7117,2026-06-12,1,2,Mayorista
7118,2026-06-12,18,3,Tienda
7119,2026-06-12,16,1,Online
7120,2026-06-12,26,2,Online
7121,2026-06-12,7,3,Tienda
7122,2026-06-12,26,6,Mayorista
7123,2026-06-12,1,5,Mayorista
7124,2026-06-12,18,5,Tienda
7125,2026-06-12,13,2,Tienda
7126,2026-06-12,11,3,Tienda
7127,2026-06-12,14,5,Tienda
7128,2026-06-12,9,1,Online
7129,2026-06-12,7,6,Tienda
7130,2026-06-12,26,3,Tienda
7131,2026-06-12,9,6,Tienda
7132,2026-06-12,23,7,Tienda
7133,2026-06-12,22,7,Online
7134,2026-06-12,2,7,Tienda
7135,2026-06-13,16,6,Tienda
7136,2026-06-13,28,4,Mayorista
7137,2026-06-13,10,4,Tienda
7138,2026-06-13,3,4,Tienda
7139,2026-06-13,23,2,Mayorista
7140,2026-06-13,15,2,Online
7141,2026-06-13,2,3,Mayorista
7142,2026-06-13,10,6,Tienda
7143,2026-06-13,11,3,Online
7144,2026-06-13,21,5,Tienda
7145,2026-06-13,15,4,Online
7146,2026-06-13,15,4,Mayorista
7147,2026-06-13,26,1,Mayorista
7148,2026-06-13,10,1,Mayorista
7149,2026-06-13,21,6,Tienda
7150,2026-06-13,12,7,Tienda
7151,2026-06-13,14,2,Tienda
7152,2026-06-13,17,5,Tienda
7153,2026-06-13,21,5,Tienda
7154,2026-06-13,29,6,Tienda
7155,2026-06-13,10,2,Tienda
7156,2026-06-13,4,7,Mayorista
7157,2026-06-13,14,2,Tienda
7158,2026-06-13,16,3,Tienda
7159,2026-06-13,9,2,Tienda
7160,2026-06-13,28,3,Mayorista
7161,2026-06-13,26,3,Tienda
7162,2026-06-13,15,7,Tienda
7163,2026-06-13,14,1,Tienda
7164,2026-06-13,2,5,Tienda
7165,2026-06-14,16,5,Tienda
7166,2026-06-14,2,1,Tienda
7167,2026-06-14,24,3,Tienda
7168,2026-06-14,11,5,Mayorista
7169,2026-06-14,14,4,Tienda
7170,2026-06-14,16,6,Mayorista
7171,2026-06-14,8,5,Mayorista
7172,2026-06-14,27,5,Tienda
7173,2026-06-14,21,6,Tienda
7174,2026-06-14,27,7,Tienda
7175,2026-06-14,15,2,Tienda
7176,2026-06-14,14,7,Tienda
7177,2026-06-14,10,4,Tienda
7178,2026-06-14,16,1,Tienda
7179,2026-06-14,18,3,Tienda
7180,2026-06-14,14,3,Online
7181,2026-06-14,6,2,Mayorista
7182,2026-06-14,10,1,Tienda
7183,2026-06-14,1,4,Online
7184,2026-06-14,11,6,Mayorista
7185,2026-06-14,18,1,Tienda
7186,2026-06-14,29,1,Mayorista
7187,2026-06-14,7,7,Tienda
7188,2026-06-15,10,6,Tienda
7189,2026-06-15,20,3,Mayorista
7190,2026-06-15,26,4,Mayorista
7191,2026-06-15,16,2,Tienda
7192,2026-06-15,7,7,Tienda
7193,2026-06-15,17,7,Online
7194,2026-06-15,18,4,Online
7195,2026-06-15,14,6,Tienda
7196,2026-06-15,21,6,Tienda
7197,2026-06-15,14,7,Tienda
7198,2026-06-15,27,7,Online
7199,2026-06-15,26,2,Tienda
7200,2026-06-15,26,5,Mayorista
7201,2026-06-15,16,7,Online
7202,2026-06-15,7,6,Tienda
7203,2026-06-15,23,2,Online
7204,2026-06-15,3,1,Tienda
7205,2026-06-15,16,4,Tienda
7206,2026-06-15,2,1,Tienda
7207,2026-06-15,16,5,Tienda
7208,2026-06-15,21,6,Tienda
7209,2026-06-15,14,3,Tienda
7210,2026-06-15,14,4,Tienda
7211,2026-06-15,5,1,Tienda
7212,2026-06-16,13,4,Tienda
7213,2026-06-16,18,7,Tienda
7214,2026-06-16,12,6,Mayorista
7215,2026-06-16,23,6,Tienda
7216,2026-06-16,18,1,Tienda
7217,2026-06-16,6,2,Tienda
7218,2026-06-16,21,4,Tienda
7219,2026-06-16,25,5,Online
7220,2026-06-16,3,7,Online
7221,2026-06-16,19,3,Tienda
7222,2026-06-16,25,1,Online
7223,2026-06-16,4,6,Tienda
7224,2026-06-16,28,1,Mayorista
7225,2026-06-16,14,6,Mayorista
7226,2026-06-16,24,1,Tienda
7227,2026-06-16,28,5,Tienda
7228,2026-06-16,30,2,Mayorista
7229,2026-06-16,18,1,Online
7230,2026-06-16,22,5,Tienda
7231,2026-06-16,10,2,Tienda
7232,2026-06-17,24,7,Tienda
7233,2026-06-17,21,4,Tienda
7234,2026-06-17,5,5,Tienda
7235,2026-06-17,27,1,Online
7236,2026-06-17,10,2,Tienda
7237,2026-06-17,30,4,Mayorista
7238,2026-06-17,13,4,Online
7239,2026-06-17,5,6,Tienda
7240,2026-06-17,11,4,Tienda
7241,2026-06-17,17,6,Tienda
7242,2026-06-17,13,4,Tienda
7243,2026-06-17,26,2,Tienda
7244,2026-06-17,21,1,Tienda
7245,2026-06-17,8,5,Mayorista
7246,2026-06-17,16,2,Tienda
7247,2026-06-17,25,2,Tienda
7248,2026-06-17,28,5,Tienda
7249,2026-06-17,13,4,Tienda
7250,2026-06-17,28,1,Online
7251,2026-06-17,2,7,Tienda
7252,2026-06-17,21,4,Tienda
7253,2026-06-17,25,7,Tienda
7254,2026-06-17,14,4,Tienda
7255,2026-06-18,26,6,Tienda
7256,2026-06-18,14,4,Tienda
7257,2026-06-18,28,1,Tienda
7258,2026-06-18,15,2,Mayorista
7259,2026-06-18,14,2,Online
7260,2026-06-18,20,4,Tienda
7261,2026-06-18,20,4,Tienda
7262,2026-06-18,1,6,Tienda
7263,2026-06-18,30,6,Tienda
7264,2026-06-18,29,2,Mayorista
7265,2026-06-18,10,3,Online
7266,2026-06-18,17,5,Online
7267,2026-06-18,24,3,Mayorista
7268,2026-06-18,28,6,Online
7269,2026-06-18,18,5,Tienda
7270,2026-06-18,2,2,Tienda
7271,2026-06-18,21,3,Tienda
7272,2026-06-18,4,6,Tienda
7273,2026-06-18,21,4,Tienda
7274,2026-06-18,18,6,Tienda
7275,2026-06-18,20,2,Tienda
7276,2026-06-18,7,6,Tienda
7277,2026-06-19,14,7,Tienda
7278,2026-06-19,6,4,Mayorista
7279,2026-06-19,19,1,Mayorista
7280,2026-06-19,21,7,Tienda
7281,2026-06-19,1,3,Tienda
7282,2026-06-19,16,1,Online
7283,2026-06-19,17,6,Tienda
7284,2026-06-19,11,1,Tienda
7285,2026-06-19,12,4,Online
7286,2026-06-19,11,2,Tienda
7287,2026-06-19,14,1,Tienda
7288,2026-06-19,26,6,Tienda
7289,2026-06-19,15,4,Tienda
7290,2026-06-19,30,4,Tienda
7291,2026-06-19,12,7,Tienda
7292,2026-06-19,22,6,Tienda
7293,2026-06-19,17,4,Tienda
7294,2026-06-19,24,5,Tienda
7295,2026-06-19,28,4,Tienda
7296,2026-06-20,20,4,Online
7297,2026-06-20,20,7,Tienda
7298,2026-06-20,3,3,Tienda
7299,2026-06-20,5,2,Tienda
7300,2026-06-20,20,7,Tienda
7301,2026-06-20,16,1,Tienda
7302,2026-06-20,26,6,Tienda
7303,2026-06-20,8,5,Online
7304,2026-06-20,5,2,Tienda
7305,2026-06-20,12,5,Online
7306,2026-06-20,20,6,Tienda
7307,2026-06-20,15,7,Online
7308,2026-06-20,4,2,Mayorista
7309,2026-06-20,3,3,Tienda
7310,2026-06-20,21,6,Online
7311,2026-06-20,11,2,Mayorista
7312,2026-06-21,21,5,Mayorista
7313,2026-06-21,27,5,Online
7314,2026-06-21,21,4,Online
7315,2026-06-21,27,7,Tienda
7316,2026-06-21,12,2,Mayorista
7317,2026-06-21,6,3,Online
7318,2026-06-21,12,2,Tienda
7319,2026-06-21,26,6,Tienda
7320,2026-06-21,5,6,Tienda
7321,2026-06-21,20,6,Tienda
7322,2026-06-21,30,4,Tienda
7323,2026-06-21,28,3,Online
7324,2026-06-21,21,7,Mayorista
7325,2026-06-21,26,7,Online
7326,2026-06-21,5,6,Tienda
7327,2026-06-21,15,1,Tienda
7328,2026-06-21,16,7,Tienda
7329,2026-06-21,25,1,Mayorista
7330,2026-06-21,10,6,Tienda
7331,2026-06-21,4,5,Tienda
7332,2026-06-21,22,1,Online
7333,2026-06-21,15,7,Online
7334,2026-06-21,27,3,Tienda
7335,2026-06-21,15,4,Online
7336,2026-06-22,1,3,Tienda
7337,2026-06-22,26,4,Online
7338,2026-06-22,11,3,Tienda
7339,2026-06-22,29,7,Online
7340,2026-06-22,24,6,Tienda
7341,2026-06-22,10,6,Mayorista
7342,2026-06-22,30,7,Tienda
7343,2026-06-22,15,5,Tienda
7344,2026-06-22,16,5,Tienda
7345,2026-06-22,28,6,Online
7346,2026-06-22,28,5,Mayorista
7347,2026-06-22,22,1,Online
7348,2026-06-22,30,5,Tienda
7349,2026-06-22,11,2,Tienda
7350,2026-06-22,10,1,Tienda
7351,2026-06-22,2,7,Tienda
7352,2026-06-22,12,6,Tienda
7353,2026-06-22,19,1,Tienda
7354,2026-06-22,11,2,Tienda
7355,2026-06-22,18,5,Tienda
7356,2026-06-23,28,2,Tienda
7357,2026-06-23,9,2,Tienda
7358,2026-06-23,16,4,Tienda
7359,2026-06-23,17,3,Online
7360,2026-06-23,20,4,Tienda
7361,2026-06-23,11,1,Mayorista
7362,2026-06-23,4,2,Online
7363,2026-06-23,28,3,Tienda
7364,2026-06-23,29,4,Tienda
7365,2026-06-23,14,2,Mayorista
7366,2026-06-23,18,1,Tienda
7367,2026-06-23,2,2,Tienda
7368,2026-06-23,2,1,Tienda
7369,2026-06-23,3,6,Tienda
7370,2026-06-23,24,2,Tienda
7371,2026-06-23,9,3,Online
7372,2026-06-23,7,7,Mayorista
7373,2026-06-23,1,4,Mayorista
7374,2026-06-23,2,7,Mayorista
7375,2026-06-24,6,1,Tienda
7376,2026-06-24,20,7,Tienda
7377,2026-06-24,21,1,Online
7378,2026-06-24,3,7,Online
7379,2026-06-24,26,1,Tienda
7380,2026-06-24,25,6,Online
7381,2026-06-24,20,5,Online
7382,2026-06-24,14,2,Mayorista
7383,2026-06-24,6,1,Online
7384,2026-06-24,16,7,Online
7385,2026-06-24,6,2,Tienda
7386,2026-06-24,19,4,Mayorista
7387,2026-06-24,11,5,Tienda
7388,2026-06-24,10,5,Online
7389,2026-06-24,14,2,Online
7390,2026-06-24,18,1,Online
7391,2026-06-24,12,3,Tienda
7392,2026-06-24,30,2,Online
7393,2026-06-24,1,4,Mayorista
7394,2026-06-25,30,2,Tienda
7395,2026-06-25,19,7,Online
7396,2026-06-25,10,7,Tienda
7397,2026-06-25,4,5,Tienda
7398,2026-06-25,27,3,Tienda
7399,2026-06-25,10,4,Tienda
7400,2026-06-25,28,1,Tienda
7401,2026-06-25,27,5,Online
7402,2026-06-25,20,3,Tienda
7403,2026-06-25,19,1,Mayorista
7404,2026-06-25,29,1,Tienda
7405,2026-06-25,24,5,Mayorista
7406,2026-06-25,21,5,Online
7407,2026-06-25,14,6,Tienda
7408,2026-06-25,15,4,Mayorista
7409,2026-06-25,13,6,Tienda
7410,2026-06-25,29,6,Online
7411,2026-06-25,20,5,Online
7412,2026-06-25,25,7,Tienda
7413,2026-06-25,2,1,Tienda
7414,2026-06-25,27,4,Tienda
7415,2026-06-25,14,5,Tienda
7416,2026-06-25,23,5,Tienda
7417,2026-06-26,27,7,Tienda
7418,2026-06-26,26,1,Tienda
7419,2026-06-26,28,7,Tienda
7420,2026-06-26,29,4,Tienda
7421,2026-06-26,15,7,Tienda
7422,2026-06-26,4,2,Mayorista
7423,2026-06-26,26,2,Online
7424,2026-06-26,20,7,Tienda
7425,2026-06-26,12,5,Tienda
7426,2026-06-26,30,6,Tienda
7427,2026-06-26,12,4,Tienda
7428,2026-06-26,28,7,Mayorista
7429,2026-06-26,18,7,Tienda
7430,2026-06-26,2,5,Tienda
7431,2026-06-26,27,6,Tienda
7432,2026-06-26,24,6,Tienda
7433,2026-06-26,20,3,Mayorista
7434,2026-06-26,20,1,Tienda
7435,2026-06-26,9,4,Online
7436,2026-06-26,8,7,Tienda
7437,2026-06-27,14,5,Mayorista
7438,2026-06-27,3,2,Mayorista
7439,2026-06-27,10,1,Tienda
7440,2026-06-27,27,1,Mayorista
7441,2026-06-27,21,1,Tienda
7442,2026-06-27,15,7,Online
7443,2026-06-27,10,2,Tienda
7444,2026-06-27,15,5,Online
7445,2026-06-27,25,1,Tienda
7446,2026-06-27,3,3,Tienda
7447,2026-06-27,30,3,Tienda
7448,2026-06-27,27,6,Tienda
7449,2026-06-27,11,7,Tienda
7450,2026-06-27,27,1,Mayorista
7451,2026-06-27,21,5,Tienda
7452,2026-06-27,21,4,Mayorista
7453,2026-06-27,6,3,Tienda
7454,2026-06-27,28,1,Online
7455,2026-06-27,14,3,Tienda
7456,2026-06-27,26,6,Online
7457,2026-06-27,11,6,Online
7458,2026-06-27,11,5,Tienda
7459,2026-06-27,30,3,Tienda
7460,2026-06-27,15,6,Online
7461,2026-06-27,3,2,Mayorista
7462,2026-06-27,26,7,Online
7463,2026-06-28,17,2,Tienda
7464,2026-06-28,2,4,Tienda
7465,2026-06-28,22,1,Tienda
7466,2026-06-28,23,7,Mayorista
7467,2026-06-28,17,5,Mayorista
7468,2026-06-28,6,7,Online
7469,2026-06-28,27,6,Tienda
7470,2026-06-28,18,6,Mayorista
7471,2026-06-28,16,1,Online
7472,2026-06-28,17,1,Online
7473,2026-06-28,3,1,Tienda
7474,2026-06-28,24,1,Tienda
7475,2026-06-28,3,3,Tienda
7476,2026-06-28,17,3,Tienda
7477,2026-06-28,6,4,Tienda
7478,2026-06-28,8,3,Tienda
7479,2026-06-28,10,2,Tienda
7480,2026-06-28,1,2,Tienda
7481,2026-06-28,28,3,Mayorista
7482,2026-06-28,26,1,Tienda
7483,2026-06-28,2,4,Tienda
7484,2026-06-28,2,3,Mayorista
7485,2026-06-28,25,3,Tienda
7486,2026-06-28,1,4,Tienda
7487,2026-06-29,30,3,Tienda
7488,2026-06-29,30,1,Tienda
7489,2026-06-29,17,1,Mayorista
7490,2026-06-29,3,5,Tienda
7491,2026-06-29,17,4,Online
7492,2026-06-29,29,6,Mayorista
7493,2026-06-29,28,2,Tienda
7494,2026-06-29,9,4,Online
7495,2026-06-29,7,3,Online
7496,2026-06-29,6,6,Mayorista
7497,2026-06-29,26,2,Online
7498,2026-06-29,15,3,Tienda
7499,2026-06-29,11,4,Tienda
7500,2026-06-29,11,4,Tienda
7501,2026-06-29,10,3,Online
7502,2026-06-29,27,1,Mayorista
7503,2026-06-29,14,5,Tienda
7504,2026-06-29,10,3,Tienda
7505,2026-06-29,22,1,Tienda
7506,2026-06-29,20,3,Tienda
7507,2026-06-29,23,2,Tienda
7508,2026-06-29,26,7,Online
7509,2026-06-30,12,3,Tienda
7510,2026-06-30,4,2,Tienda
7511,2026-06-30,14,1,Tienda
7512,2026-06-30,27,4,Tienda
7513,2026-06-30,15,6,Online
7514,2026-06-30,14,4,Mayorista
7515,2026-06-30,8,1,Tienda
7516,2026-06-30,11,5,Online
7517,2026-06-30,29,3,Online
7518,2026-06-30,11,2,Tienda
7519,2026-06-30,23,4,Online
7520,2026-06-30,2,1,Tienda
7521,2026-06-30,5,6,Online
7522,2026-06-30,11,5,Tienda
7523,2026-06-30,28,6,Tienda
7524,2026-06-30,9,3,Online
7525,2026-06-30,23,2,Tienda
7526,2026-06-30,6,6,Mayorista
7527,2026-06-30,19,2,Tienda
7528,2026-06-30,18,3,Tienda
7529,2026-06-30,20,2,Tienda
7530,2026-06-30,11,2,Tienda
7531,2026-06-30,6,5,Mayorista
7532,2026-06-30,27,6,Mayorista
7533,2026-06-30,17,3,Tienda
7534,2026-07-01,13,3,Mayorista
7535,2026-07-01,10,7,Online
7536,2026-07-01,17,3,Tienda
7537,2026-07-01,20,2,Online
7538,2026-07-01,11,2,Tienda
7539,2026-07-01,2,4,Tienda
7540,2026-07-01,23,6,Tienda
7541,2026-07-01,20,1,Tienda
7542,2026-07-01,9,7,Mayorista
7543,2026-07-01,11,3,Tienda
7544,2026-07-01,29,3,Online
7545,2026-07-01,20,2,Tienda
7546,2026-07-01,18,1,Tienda
7547,2026-07-01,20,5,Online
7548,2026-07-01,29,4,Tienda
7549,2026-07-01,12,4,Tienda
7550,2026-07-01,10,2,Tienda
7551,2026-07-01,12,4,Tienda
7552,2026-07-01,26,1,Mayorista
7553,2026-07-01,5,3,Tienda
7554,2026-07-01,8,5,Tienda
7555,2026-07-01,9,3,Tienda
7556,2026-07-01,20,1,Tienda
7557,2026-07-01,20,6,Online
7558,2026-07-01,12,7,Tienda
7559,2026-07-01,10,1,Online
7560,2026-07-01,24,1,Mayorista
7561,2026-07-01,2,7,Mayorista
7562,2026-07-01,24,1,Tienda
7563,2026-07-01,8,2,Tienda
7564,2026-07-02,16,5,Tienda
7565,2026-07-02,18,2,Mayorista
7566,2026-07-02,20,3,Online
7567,2026-07-02,21,2,Online
7568,2026-07-02,3,7,Tienda
7569,2026-07-02,22,4,Online
7570,2026-07-02,6,6,Mayorista
7571,2026-07-02,21,3,Tienda
7572,2026-07-02,5,4,Tienda
7573,2026-07-02,15,2,Mayorista
7574,2026-07-02,13,2,Mayorista
7575,2026-07-02,30,1,Mayorista
7576,2026-07-02,20,4,Tienda
7577,2026-07-02,4,5,Online
7578,2026-07-02,22,6,Online
7579,2026-07-02,7,4,Online
7580,2026-07-02,11,6,Mayorista
7581,2026-07-02,12,2,Mayorista
7582,2026-07-02,25,3,Tienda
7583,2026-07-02,29,3,Online
7584,2026-07-02,28,2,Online
7585,2026-07-02,6,5,Tienda
7586,2026-07-02,3,7,Tienda
7587,2026-07-02,26,2,Mayorista
7588,2026-07-02,11,4,Mayorista
7589,2026-07-02,18,4,Tienda
7590,2026-07-02,30,7,Mayorista
7591,2026-07-03,17,2,Online
7592,2026-07-03,13,4,Mayorista
7593,2026-07-03,18,3,Online
7594,2026-07-03,25,4,Mayorista
7595,2026-07-03,10,1,Tienda
7596,2026-07-03,4,5,Tienda
7597,2026-07-03,23,5,Tienda
7598,2026-07-03,29,3,Tienda
7599,2026-07-03,20,5,Tienda
7600,2026-07-03,6,7,Tienda
7601,2026-07-03,20,4,Tienda
7602,2026-07-03,5,7,Tienda
7603,2026-07-03,11,7,Tienda
7604,2026-07-03,2,7,Tienda
7605,2026-07-03,15,7,Tienda
7606,2026-07-03,11,4,Online
7607,2026-07-03,4,5,Online
7608,2026-07-03,11,2,Tienda
7609,2026-07-03,20,3,Tienda
7610,2026-07-03,11,7,Mayorista
7611,2026-07-03,6,5,Mayorista
7612,2026-07-04,2,1,Mayorista
7613,2026-07-04,20,6,Tienda
7614,2026-07-04,20,7,Online
7615,2026-07-04,17,6,Tienda
7616,2026-07-04,20,5,Online
7617,2026-07-04,30,6,Mayorista
7618,2026-07-04,30,2,Mayorista
7619,2026-07-04,16,4,Online
7620,2026-07-04,4,7,Tienda
7621,2026-07-04,5,6,Online
7622,2026-07-04,23,3,Tienda
7623,2026-07-04,30,7,Tienda
7624,2026-07-04,14,5,Tienda
7625,2026-07-04,4,7,Online
7626,2026-07-04,12,4,Tienda
7627,2026-07-04,13,4,Tienda
7628,2026-07-04,30,5,Online
7629,2026-07-04,21,6,Tienda
7630,2026-07-04,5,5,Tienda
7631,2026-07-04,11,2,Tienda
7632,2026-07-04,2,4,Online
7633,2026-07-04,20,1,Mayorista
7634,2026-07-04,21,2,Online
7635,2026-07-04,2,1,Mayorista
7636,2026-07-04,11,4,Online
7637,2026-07-04,28,1,Online
7638,2026-07-04,26,1,Mayorista
7639,2026-07-04,17,7,Tienda
7640,2026-07-04,15,1,Tienda
7641,2026-07-04,30,4,Online
7642,2026-07-04,23,3,Tienda
7643,2026-07-04,29,2,Tienda
7644,2026-07-04,3,6,Tienda
7645,2026-07-04,8,4,Tienda
7646,2026-07-04,2,7,Tienda
7647,2026-07-04,27,2,Tienda
7648,2026-07-04,21,1,Tienda
7649,2026-07-04,7,4,Online
7650,2026-07-05,27,3,Mayorista
7651,2026-07-05,10,3,Mayorista
7652,2026-07-05,2,1,Mayorista
7653,2026-07-05,27,1,Mayorista
7654,2026-07-05,11,5,Mayorista
7655,2026-07-05,12,2,Tienda
7656,2026-07-05,6,1,Tienda
7657,2026-07-05,21,5,Online
7658,2026-07-05,10,4,Tienda
7659,2026-07-05,6,4,Tienda
7660,2026-07-05,15,5,Tienda
7661,2026-07-05,24,6,Mayorista
7662,2026-07-05,10,2,Tienda
7663,2026-07-05,23,4,Tienda
7664,2026-07-05,15,3,Mayorista
7665,2026-07-05,14,3,Online
7666,2026-07-05,12,2,Tienda
7667,2026-07-05,6,5,Online
7668,2026-07-05,11,1,Online
7669,2026-07-05,27,2,Tienda
7670,2026-07-05,4,5,Mayorista
7671,2026-07-05,29,3,Mayorista
7672,2026-07-05,4,4,Tienda
7673,2026-07-05,12,3,Tienda
7674,2026-07-05,19,3,Online
7675,2026-07-05,26,4,Tienda
7676,2026-07-05,6,6,Tienda
7677,2026-07-05,6,1,Tienda
7678,2026-07-05,20,2,Mayorista
7679,2026-07-05,11,6,Tienda
7680,2026-07-05,20,3,Tienda
7681,2026-07-05,26,2,Mayorista
7682,2026-07-05,3,1,Tienda
7683,2026-07-06,17,7,Tienda
7684,2026-07-06,15,2,Tienda
7685,2026-07-06,21,2,Tienda
7686,2026-07-06,21,6,Online
7687,2026-07-06,1,3,Tienda
7688,2026-07-06,28,5,Tienda
7689,2026-07-06,12,7,Tienda
7690,2026-07-06,12,7,Tienda
7691,2026-07-06,14,2,Mayorista
7692,2026-07-06,21,7,Online
7693,2026-07-06,12,2,Tienda
7694,2026-07-06,12,6,Online
7695,2026-07-06,3,3,Mayorista
7696,2026-07-06,14,3,Tienda
7697,2026-07-06,6,3,Tienda
7698,2026-07-06,27,1,Online
7699,2026-07-06,11,3,Online
7700,2026-07-06,30,4,Tienda
7701,2026-07-06,21,4,Tienda
7702,2026-07-06,24,2,Tienda
7703,2026-07-06,29,5,Mayorista
7704,2026-07-06,10,5,Online
7705,2026-07-06,17,1,Tienda
7706,2026-07-06,2,3,Mayorista
7707,2026-07-06,4,7,Online
7708,2026-07-06,12,5,Tienda
7709,2026-07-06,21,3,Tienda
7710,2026-07-06,26,6,Online
7711,2026-07-06,10,5,Mayorista
7712,2026-07-06,24,7,Tienda
7713,2026-07-06,9,3,Tienda
7714,2026-07-06,1,6,Tienda
7715,2026-07-06,2,6,Tienda
7716,2026-07-06,18,5,Tienda
7717,2026-07-06,15,6,Online
7718,2026-07-07,22,5,Online
7719,2026-07-07,14,6,Mayorista
7720,2026-07-07,3,3,Mayorista
7721,2026-07-07,16,5,Online
7722,2026-07-07,23,6,Online
7723,2026-07-07,11,2,Tienda
7724,2026-07-07,6,3,Tienda
7725,2026-07-07,28,6,Online
7726,2026-07-07,27,6,Tienda
7727,2026-07-07,20,2,Tienda
7728,2026-07-07,25,2,Tienda
7729,2026-07-07,30,3,Mayorista
7730,2026-07-07,17,7,Tienda
7731,2026-07-07,10,6,Tienda
7732,2026-07-07,20,6,Tienda
7733,2026-07-07,28,6,Online
7734,2026-07-07,21,5,Tienda
7735,2026-07-07,2,1,Tienda
7736,2026-07-07,28,2,Tienda
7737,2026-07-07,24,5,Tienda
7738,2026-07-07,13,3,Mayorista
7739,2026-07-07,30,1,Tienda
7740,2026-07-07,23,3,Tienda
7741,2026-07-07,26,3,Online
7742,2026-07-07,29,1,Tienda
7743,2026-07-07,2,4,Mayorista
7744,2026-07-08,10,2,Tienda
7745,2026-07-08,27,4,Tienda
7746,2026-07-08,21,1,Tienda
7747,2026-07-08,29,4,Mayorista
7748,2026-07-08,3,3,Mayorista
7749,2026-07-08,25,1,Mayorista
7750,2026-07-08,3,2,Online
7751,2026-07-08,11,5,Mayorista
7752,2026-07-08,24,4,Online
7753,2026-07-08,22,5,Tienda
7754,2026-07-08,1,5,Tienda
7755,2026-07-08,7,5,Tienda
7756,2026-07-08,25,7,Tienda
7757,2026-07-08,5,6,Tienda
7758,2026-07-08,11,2,Tienda
7759,2026-07-08,7,4,Tienda
7760,2026-07-08,4,7,Mayorista
7761,2026-07-08,26,5,Tienda
7762,2026-07-08,3,5,Tienda
7763,2026-07-08,16,7,Mayorista
7764,2026-07-08,21,2,Online
7765,2026-07-08,2,6,Mayorista
7766,2026-07-08,20,4,Online
7767,2026-07-08,11,2,Tienda
7768,2026-07-08,26,1,Online
7769,2026-07-08,26,3,Tienda
7770,2026-07-08,26,6,Tienda
7771,2026-07-08,13,5,Tienda
7772,2026-07-08,26,3,Tienda
7773,2026-07-08,20,1,Tienda
7774,2026-07-09,3,5,Tienda
7775,2026-07-09,13,6,Tienda
7776,2026-07-09,26,6,Tienda
7777,2026-07-09,28,4,Tienda
7778,2026-07-09,10,7,Tienda
7779,2026-07-09,27,5,Tienda
7780,2026-07-09,28,6,Tienda
7781,2026-07-09,19,3,Tienda
7782,2026-07-09,30,7,Online
7783,2026-07-09,10,2,Tienda
7784,2026-07-09,3,1,Tienda
7785,2026-07-09,27,5,Tienda
7786,2026-07-09,15,5,Mayorista
7787,2026-07-09,12,1,Tienda
7788,2026-07-09,2,6,Tienda
7789,2026-07-09,3,4,Online
7790,2026-07-09,4,5,Tienda
7791,2026-07-09,7,3,Tienda
7792,2026-07-09,30,6,Mayorista
7793,2026-07-10,13,2,Online
7794,2026-07-10,16,5,Mayorista
7795,2026-07-10,16,1,Tienda
7796,2026-07-10,26,5,Tienda
7797,2026-07-10,6,6,Online
7798,2026-07-10,20,7,Mayorista
7799,2026-07-10,29,5,Tienda
7800,2026-07-10,30,3,Mayorista
7801,2026-07-10,1,1,Tienda
7802,2026-07-10,30,6,Tienda
7803,2026-07-10,5,1,Online
7804,2026-07-10,16,7,Tienda
7805,2026-07-10,10,1,Tienda
7806,2026-07-10,19,4,Tienda
7807,2026-07-10,2,7,Tienda
7808,2026-07-10,10,2,Mayorista
7809,2026-07-10,11,2,Online
7810,2026-07-10,28,3,Tienda
7811,2026-07-10,18,6,Tienda
7812,2026-07-10,22,1,Tienda
7813,2026-07-10,21,1,Mayorista
7814,2026-07-10,13,5,Online
7815,2026-07-10,1,1,Mayorista
7816,2026-07-10,4,6,Online
7817,2026-07-10,15,4,Online
7818,2026-07-10,29,4,Tienda
7819,2026-07-10,10,4,Online
7820,2026-07-10,22,1,Online
7821,2026-07-10,26,2,Mayorista
7822,2026-07-10,28,2,Tienda
7823,2026-07-10,11,4,Mayorista
7824,2026-07-10,28,6,Tienda
7825,2026-07-10,19,4,Mayorista
7826,2026-07-10,16,7,Online
7827,2026-07-10,25,7,Online
7828,2026-07-10,10,7,Tienda
7829,2026-07-10,26,2,Tienda
7830,2026-07-11,12,5,Online
7831,2026-07-11,26,7,Mayorista
7832,2026-07-11,29,3,Tienda
7833,2026-07-11,30,2,Mayorista
7834,2026-07-11,8,2,Mayorista
7835,2026-07-11,17,6,Mayorista
7836,2026-07-11,17,5,Tienda
7837,2026-07-11,6,5,Tienda
7838,2026-07-11,18,4,Tienda
7839,2026-07-11,12,7,Mayorista
7840,2026-07-11,29,6,Tienda
7841,2026-07-11,10,4,Mayorista
7842,2026-07-11,26,3,Tienda
7843,2026-07-11,28,2,Tienda
7844,2026-07-11,23,3,Tienda
7845,2026-07-11,8,6,Tienda
7846,2026-07-11,10,4,Tienda
7847,2026-07-11,30,5,Tienda
7848,2026-07-11,3,4,Tienda
7849,2026-07-11,5,3,Tienda
7850,2026-07-11,30,1,Mayorista
7851,2026-07-11,25,6,Tienda
7852,2026-07-11,24,6,Tienda
7853,2026-07-11,6,4,Tienda
7854,2026-07-11,15,5,Online
7855,2026-07-11,26,4,Tienda
7856,2026-07-11,11,7,Tienda
7857,2026-07-11,7,6,Tienda
7858,2026-07-11,1,4,Tienda
7859,2026-07-12,24,3,Tienda
7860,2026-07-12,20,3,Mayorista
7861,2026-07-12,11,6,Tienda
7862,2026-07-12,30,4,Mayorista
7863,2026-07-12,26,5,Online
7864,2026-07-12,16,4,Tienda
7865,2026-07-12,30,2,Mayorista
7866,2026-07-12,26,5,Tienda
7867,2026-07-12,6,7,Tienda
7868,2026-07-12,18,7,Tienda
7869,2026-07-12,18,7,Tienda
7870,2026-07-12,20,4,Tienda
7871,2026-07-12,29,6,Online
7872,2026-07-12,15,7,Mayorista
7873,2026-07-12,3,1,Tienda
7874,2026-07-12,15,3,Tienda
7875,2026-07-12,25,3,Tienda
7876,2026-07-12,12,2,Mayorista
7877,2026-07-12,2,7,Tienda
7878,2026-07-12,11,7,Tienda
7879,2026-07-12,21,2,Tienda
7880,2026-07-12,3,5,Online
7881,2026-07-12,12,5,Tienda
7882,2026-07-12,5,4,Tienda
7883,2026-07-12,15,7,Online
7884,2026-07-12,6,7,Mayorista
7885,2026-07-12,4,4,Tienda
7886,2026-07-12,22,3,Tienda
7887,2026-07-12,6,1,Tienda
7888,2026-07-12,6,7,Online
7889,2026-07-12,18,1,Tienda
7890,2026-07-12,2,2,Tienda
7891,2026-07-12,2,6,Mayorista
7892,2026-07-12,14,4,Mayorista
7893,2026-07-13,25,2,Mayorista
7894,2026-07-13,3,1,Tienda
7895,2026-07-13,26,5,Online
7896,2026-07-13,24,4,Mayorista
7897,2026-07-13,16,7,Tienda
7898,2026-07-13,2,5,Tienda
7899,2026-07-13,7,7,Online
7900,2026-07-13,12,5,Tienda
7901,2026-07-13,29,7,Tienda
7902,2026-07-13,20,6,Tienda
7903,2026-07-13,16,1,Tienda
7904,2026-07-13,15,7,Online
7905,2026-07-13,25,7,Mayorista
7906,2026-07-13,11,4,Tienda
7907,2026-07-13,4,2,Mayorista
7908,2026-07-13,21,3,Online
7909,2026-07-13,11,2,Tienda
7910,2026-07-13,11,4,Tienda
7911,2026-07-13,14,6,Online
7912,2026-07-13,10,7,Mayorista
7913,2026-07-13,28,7,Tienda
7914,2026-07-13,27,7,Tienda
7915,2026-07-13,30,5,Mayorista
7916,2026-07-13,30,5,Online
7917,2026-07-13,11,6,Mayorista
7918,2026-07-13,12,1,Online
7919,2026-07-13,22,4,Tienda
7920,2026-07-14,25,7,Tienda
7921,2026-07-14,3,3,Mayorista
7922,2026-07-14,14,4,Tienda
7923,2026-07-14,24,7,Tienda
7924,2026-07-14,30,2,Mayorista
7925,2026-07-14,1,2,Tienda
7926,2026-07-14,10,2,Online
7927,2026-07-14,15,7,Tienda
7928,2026-07-14,9,6,Mayorista
7929,2026-07-14,2,4,Online
7930,2026-07-14,16,1,Tienda
7931,2026-07-14,20,3,Mayorista
7932,2026-07-14,14,3,Tienda
7933,2026-07-14,12,3,Tienda
7934,2026-07-14,30,2,Tienda
7935,2026-07-14,15,4,Tienda
7936,2026-07-14,26,7,Mayorista
7937,2026-07-14,11,7,Mayorista
7938,2026-07-14,26,1,Mayorista
7939,2026-07-14,26,1,Tienda
7940,2026-07-14,10,1,Online
7941,2026-07-14,20,3,Tienda
7942,2026-07-14,21,1,Online
7943,2026-07-14,14,4,Online
7944,2026-07-14,24,7,Mayorista
7945,2026-07-15,12,1,Mayorista
7946,2026-07-15,25,2,Online
7947,2026-07-15,21,1,Tienda
7948,2026-07-15,17,7,Tienda
7949,2026-07-15,30,3,Mayorista
7950,2026-07-15,15,5,Tienda
7951,2026-07-15,20,6,Tienda
7952,2026-07-15,16,3,Mayorista
7953,2026-07-15,10,4,Mayorista
7954,2026-07-15,11,6,Online
7955,2026-07-15,30,7,Tienda
7956,2026-07-15,13,7,Tienda
7957,2026-07-15,21,2,Tienda
7958,2026-07-15,17,5,Tienda
7959,2026-07-15,28,6,Online
7960,2026-07-15,24,2,Mayorista
7961,2026-07-15,3,4,Mayorista
7962,2026-07-15,12,3,Tienda
7963,2026-07-15,22,4,Tienda
7964,2026-07-15,6,1,Tienda
7965,2026-07-15,15,5,Online
7966,2026-07-15,11,1,Online
7967,2026-07-15,3,1,Mayorista
7968,2026-07-15,30,4,Mayorista
7969,2026-07-15,28,1,Tienda
7970,2026-07-15,24,4,Tienda
7971,2026-07-16,21,5,Tienda
7972,2026-07-16,21,2,Tienda
7973,2026-07-16,19,5,Mayorista
7974,2026-07-16,6,7,Online
7975,2026-07-16,11,7,Tienda
7976,2026-07-16,12,2,Tienda
7977,2026-07-16,26,7,Tienda
7978,2026-07-16,21,6,Online
7979,2026-07-16,20,4,Tienda
7980,2026-07-16,21,3,Tienda
7981,2026-07-16,15,7,Online
7982,2026-07-16,2,3,Tienda
7983,2026-07-16,7,4,Tienda
7984,2026-07-16,6,2,Mayorista
7985,2026-07-16,3,2,Tienda
7986,2026-07-16,11,4,Tienda
7987,2026-07-16,25,7,Online
7988,2026-07-16,5,5,Tienda
7989,2026-07-16,4,1,Tienda
7990,2026-07-16,5,4,Tienda
7991,2026-07-16,10,5,Tienda
7992,2026-07-16,7,6,Tienda
7993,2026-07-16,1,2,Mayorista
7994,2026-07-16,10,6,Tienda
7995,2026-07-16,30,6,Tienda
7996,2026-07-16,11,5,Online
7997,2026-07-16,8,1,Online
7998,2026-07-16,15,4,Tienda
7999,2026-07-17,2,5,Tienda
8000,2026-07-17,7,6,Mayorista
8001,2026-07-17,14,5,Mayorista
8002,2026-07-17,18,6,Tienda
8003,2026-07-17,1,6,Online
8004,2026-07-17,17,4,Tienda
8005,2026-07-17,12,3,Mayorista
8006,2026-07-17,20,1,Mayorista
8007,2026-07-17,28,5,Tienda
8008,2026-07-17,14,7,Tienda
8009,2026-07-17,17,5,Tienda
8010,2026-07-17,15,7,Tienda
8011,2026-07-17,5,1,Mayorista
8012,2026-07-17,26,3,Tienda
8013,2026-07-17,27,2,Tienda
8014,2026-07-17,26,3,Tienda
8015,2026-07-17,29,1,Tienda
8016,2026-07-17,15,6,Tienda
8017,2026-07-17,20,7,Tienda
8018,2026-07-17,6,4,Tienda
8019,2026-07-17,30,4,Tienda
8020,2026-07-17,18,7,Tienda
8021,2026-07-17,10,6,Mayorista
8022,2026-07-18,19,3,Mayorista
8023,2026-07-18,15,4,Tienda
8024,2026-07-18,26,3,Mayorista
8025,2026-07-18,30,7,Tienda
8026,2026-07-18,24,3,Online
8027,2026-07-18,27,2,Tienda
8028,2026-07-18,15,7,Online
8029,2026-07-18,12,4,Tienda
8030,2026-07-18,20,4,Online
8031,2026-07-18,24,4,Online
8032,2026-07-18,9,4,Online
8033,2026-07-18,15,5,Online
8034,2026-07-18,4,7,Tienda
8035,2026-07-18,9,1,Online
8036,2026-07-18,27,6,Tienda
8037,2026-07-18,6,4,Online
8038,2026-07-18,26,5,Tienda
8039,2026-07-18,12,5,Tienda
8040,2026-07-18,20,4,Tienda
8041,2026-07-18,28,6,Tienda
8042,2026-07-18,25,7,Online
8043,2026-07-18,26,2,Tienda
8044,2026-07-18,10,6,Tienda
8045,2026-07-18,12,5,Tienda
8046,2026-07-18,23,2,Tienda
8047,2026-07-18,25,6,Online
8048,2026-07-18,25,2,Tienda
8049,2026-07-18,24,3,Tienda
8050,2026-07-18,10,1,Mayorista
8051,2026-07-18,11,6,Online
8052,2026-07-18,29,2,Tienda
8053,2026-07-18,17,4,Tienda
8054,2026-07-18,24,7,Tienda
8055,2026-07-18,18,7,Tienda
8056,2026-07-18,28,4,Online
8057,2026-07-18,27,6,Tienda
8058,2026-07-18,10,1,Tienda
8059,2026-07-19,3,6,Mayorista
8060,2026-07-19,27,1,Tienda
8061,2026-07-19,26,1,Tienda
8062,2026-07-19,3,4,Tienda
8063,2026-07-19,6,5,Tienda
8064,2026-07-19,12,5,Online
8065,2026-07-19,4,5,Tienda
8066,2026-07-19,24,4,Tienda
8067,2026-07-19,15,4,Tienda
8068,2026-07-19,14,3,Online
8069,2026-07-19,23,2,Tienda
8070,2026-07-19,11,1,Tienda
8071,2026-07-19,27,4,Mayorista
8072,2026-07-19,20,4,Mayorista
8073,2026-07-19,12,3,Tienda
8074,2026-07-19,16,6,Tienda
8075,2026-07-19,10,1,Mayorista
8076,2026-07-19,30,1,Tienda
8077,2026-07-19,14,4,Tienda
8078,2026-07-19,28,3,Online
8079,2026-07-19,30,6,Tienda
8080,2026-07-19,16,4,Mayorista
8081,2026-07-19,23,5,Mayorista
8082,2026-07-19,17,1,Tienda
8083,2026-07-19,4,6,Mayorista
8084,2026-07-19,29,7,Tienda
8085,2026-07-19,14,6,Tienda
8086,2026-07-19,28,6,Tienda
8087,2026-07-19,20,6,Tienda
8088,2026-07-19,4,3,Tienda
8089,2026-07-19,14,5,Mayorista
8090,2026-07-19,7,4,Mayorista
8091,2026-07-19,6,1,Tienda
8092,2026-07-19,23,2,Tienda
8093,2026-07-20,14,5,Tienda
8094,2026-07-20,4,1,Tienda
8095,2026-07-20,6,4,Mayorista
8096,2026-07-20,14,6,Tienda
8097,2026-07-20,10,4,Mayorista
8098,2026-07-20,27,6,Online
8099,2026-07-20,24,3,Tienda
8100,2026-07-20,16,3,Tienda
8101,2026-07-20,14,6,Tienda
8102,2026-07-20,26,4,Online
8103,2026-07-20,6,3,Online
8104,2026-07-20,27,5,Tienda
8105,2026-07-20,2,2,Online
8106,2026-07-20,28,1,Tienda
8107,2026-07-20,6,3,Tienda
8108,2026-07-20,26,7,Tienda
8109,2026-07-20,2,5,Online
8110,2026-07-20,26,5,Tienda
8111,2026-07-20,18,6,Tienda
8112,2026-07-20,2,5,Tienda
8113,2026-07-20,24,1,Online
8114,2026-07-21,26,1,Mayorista
8115,2026-07-21,24,6,Tienda
8116,2026-07-21,14,4,Online
8117,2026-07-21,3,6,Tienda
8118,2026-07-21,10,2,Mayorista
8119,2026-07-21,6,2,Tienda
8120,2026-07-21,29,3,Tienda
8121,2026-07-21,26,5,Mayorista
8122,2026-07-21,3,1,Tienda
8123,2026-07-21,16,7,Tienda
8124,2026-07-21,10,3,Tienda
8125,2026-07-21,2,3,Tienda
8126,2026-07-21,11,1,Tienda
8127,2026-07-21,5,4,Online
8128,2026-07-21,9,4,Tienda
8129,2026-07-21,11,3,Tienda
8130,2026-07-21,14,7,Tienda
8131,2026-07-21,15,6,Mayorista
8132,2026-07-21,16,7,Tienda
8133,2026-07-21,12,7,Mayorista
8134,2026-07-21,15,3,Tienda
8135,2026-07-21,14,7,Tienda
8136,2026-07-21,30,3,Mayorista
8137,2026-07-21,3,5,Tienda
8138,2026-07-21,18,4,Mayorista
8139,2026-07-21,7,6,Online
8140,2026-07-21,12,1,Tienda
8141,2026-07-21,16,1,Tienda
8142,2026-07-21,24,6,Tienda
8143,2026-07-22,15,7,Online
8144,2026-07-22,1,4,Mayorista
8145,2026-07-22,2,7,Tienda
8146,2026-07-22,20,6,Online
8147,2026-07-22,21,3,Tienda
8148,2026-07-22,13,2,Online
8149,2026-07-22,10,6,Online
8150,2026-07-22,23,5,Tienda
8151,2026-07-22,11,1,Online
8152,2026-07-22,3,3,Tienda
8153,2026-07-22,14,5,Mayorista
8154,2026-07-22,16,7,Mayorista
8155,2026-07-22,30,1,Tienda
8156,2026-07-22,18,7,Tienda
8157,2026-07-22,8,4,Tienda
8158,2026-07-22,26,6,Mayorista
8159,2026-07-22,11,4,Mayorista
8160,2026-07-22,29,2,Tienda
8161,2026-07-22,11,3,Tienda
8162,2026-07-22,28,6,Tienda
8163,2026-07-22,27,4,Tienda
8164,2026-07-22,27,7,Tienda
8165,2026-07-22,2,2,Tienda
8166,2026-07-22,27,1,Tienda
8167,2026-07-22,23,1,Tienda
8168,2026-07-22,11,5,Tienda
8169,2026-07-23,4,6,Tienda
8170,2026-07-23,3,6,Tienda
8171,2026-07-23,6,3,Tienda
8172,2026-07-23,26,3,Tienda
8173,2026-07-23,23,7,Mayorista
8174,2026-07-23,20,3,Tienda
8175,2026-07-23,20,5,Tienda
8176,2026-07-23,27,4,Tienda
8177,2026-07-23,11,2,Tienda
8178,2026-07-23,11,4,Tienda
8179,2026-07-23,14,6,Mayorista
8180,2026-07-23,30,4,Tienda
8181,2026-07-23,17,7,Mayorista
8182,2026-07-23,16,4,Online
8183,2026-07-23,26,5,Tienda
8184,2026-07-23,7,6,Mayorista
8185,2026-07-23,14,7,Online
8186,2026-07-23,20,5,Online
8187,2026-07-23,30,1,Mayorista
8188,2026-07-23,6,3,Mayorista
8189,2026-07-23,14,7,Tienda
8190,2026-07-23,28,5,Online
8191,2026-07-23,23,6,Tienda
8192,2026-07-23,20,3,Tienda
8193,2026-07-23,10,2,Mayorista
8194,2026-07-23,7,6,Tienda
8195,2026-07-23,12,3,Mayorista
8196,2026-07-23,10,6,Tienda
8197,2026-07-23,26,4,Tienda
8198,2026-07-23,23,2,Mayorista
8199,2026-07-23,26,2,Tienda
8200,2026-07-23,6,4,Tienda
8201,2026-07-23,11,3,Tienda
8202,2026-07-24,25,4,Tienda
8203,2026-07-24,23,2,Mayorista
8204,2026-07-24,27,5,Tienda
8205,2026-07-24,6,7,Tienda
8206,2026-07-24,19,5,Online
8207,2026-07-24,25,6,Mayorista
8208,2026-07-24,16,1,Tienda
8209,2026-07-24,5,7,Online
8210,2026-07-24,4,5,Tienda
8211,2026-07-24,19,6,Tienda
8212,2026-07-24,15,2,Online
8213,2026-07-24,28,4,Tienda
8214,2026-07-24,26,6,Tienda
8215,2026-07-24,23,4,Tienda
8216,2026-07-24,30,7,Tienda
8217,2026-07-24,21,1,Mayorista
8218,2026-07-24,4,7,Tienda
8219,2026-07-24,3,7,Tienda
8220,2026-07-24,26,2,Tienda
8221,2026-07-24,12,6,Tienda
8222,2026-07-24,28,6,Tienda
8223,2026-07-24,5,4,Online
8224,2026-07-24,7,3,Online
8225,2026-07-24,24,4,Tienda
8226,2026-07-24,27,3,Tienda
8227,2026-07-24,27,6,Online
8228,2026-07-24,4,5,Mayorista
8229,2026-07-25,27,7,Tienda
8230,2026-07-25,10,5,Tienda
8231,2026-07-25,17,7,Tienda
8232,2026-07-25,16,6,Tienda
8233,2026-07-25,24,2,Tienda
8234,2026-07-25,24,6,Tienda
8235,2026-07-25,11,7,Online
8236,2026-07-25,27,5,Mayorista
8237,2026-07-25,28,6,Tienda
8238,2026-07-25,29,4,Online
8239,2026-07-25,14,5,Online
8240,2026-07-25,30,2,Tienda
8241,2026-07-25,25,2,Online
8242,2026-07-25,20,4,Online
8243,2026-07-25,14,2,Tienda
8244,2026-07-25,27,1,Online
8245,2026-07-25,24,1,Tienda
8246,2026-07-25,18,7,Tienda
8247,2026-07-25,30,3,Tienda
8248,2026-07-25,10,3,Tienda
8249,2026-07-25,20,3,Tienda
8250,2026-07-25,11,7,Tienda
8251,2026-07-25,14,6,Tienda
8252,2026-07-25,12,3,Tienda
8253,2026-07-25,11,4,Tienda
8254,2026-07-25,12,4,Online
8255,2026-07-25,2,5,Tienda
8256,2026-07-25,2,3,Mayorista
8257,2026-07-25,23,7,Tienda
8258,2026-07-25,11,3,Mayorista
8259,2026-07-25,2,2,Tienda
8260,2026-07-25,3,3,Online
8261,2026-07-25,7,3,Mayorista
8262,2026-07-25,2,5,Tienda
8263,2026-07-25,29,7,Tienda
8264,2026-07-25,17,4,Tienda
8265,2026-07-25,13,3,Tienda
8266,2026-07-25,16,4,Tienda
8267,2026-07-25,4,1,Tienda
8268,2026-07-25,22,2,Tienda
8269,2026-07-25,30,2,Tienda
8270,2026-07-25,5,5,Online
8271,2026-07-25,6,2,Tienda
8272,2026-07-25,20,2,Mayorista
8273,2026-07-25,6,4,Tienda
8274,2026-07-25,5,7,Tienda
8275,2026-07-26,5,4,Tienda
8276,2026-07-26,4,6,Tienda
8277,2026-07-26,5,2,Tienda
8278,2026-07-26,25,3,Tienda
8279,2026-07-26,19,6,Tienda
8280,2026-07-26,11,1,Mayorista
8281,2026-07-26,6,7,Tienda
8282,2026-07-26,5,6,Tienda
8283,2026-07-26,24,3,Tienda
8284,2026-07-26,27,4,Mayorista
8285,2026-07-26,16,2,Mayorista
8286,2026-07-26,24,4,Tienda
8287,2026-07-26,10,2,Online
8288,2026-07-26,18,7,Online
8289,2026-07-26,14,5,Tienda
8290,2026-07-26,3,7,Tienda
8291,2026-07-26,15,6,Online
8292,2026-07-26,27,4,Mayorista
8293,2026-07-26,2,2,Online
8294,2026-07-26,15,4,Tienda
8295,2026-07-26,27,2,Tienda
8296,2026-07-26,25,2,Tienda
8297,2026-07-26,15,3,Online
8298,2026-07-26,6,2,Tienda
8299,2026-07-26,27,4,Tienda
8300,2026-07-26,6,4,Tienda
8301,2026-07-26,10,1,Mayorista
8302,2026-07-26,5,5,Tienda
8303,2026-07-26,15,5,Online
8304,2026-07-26,20,6,Online
8305,2026-07-26,26,3,Tienda
8306,2026-07-26,15,5,Online
8307,2026-07-26,30,4,Tienda
8308,2026-07-26,18,4,Tienda
8309,2026-07-26,19,1,Tienda
8310,2026-07-26,6,4,Mayorista
8311,2026-07-26,7,2,Tienda
8312,2026-07-26,17,3,Mayorista
8313,2026-07-27,27,7,Online
8314,2026-07-27,29,6,Tienda
8315,2026-07-27,21,6,Tienda
8316,2026-07-27,14,7,Mayorista
8317,2026-07-27,16,4,Online
8318,2026-07-27,26,1,Mayorista
8319,2026-07-27,27,2,Tienda
8320,2026-07-27,4,7,Tienda
8321,2026-07-27,27,5,Tienda
8322,2026-07-27,20,6,Mayorista
8323,2026-07-27,2,3,Tienda
8324,2026-07-27,4,2,Online
8325,2026-07-27,2,3,Tienda
8326,2026-07-27,29,3,Tienda
8327,2026-07-27,14,4,Tienda
8328,2026-07-27,23,7,Mayorista
8329,2026-07-27,1,4,Tienda
8330,2026-07-27,26,3,Tienda
8331,2026-07-27,15,1,Tienda
8332,2026-07-27,28,4,Tienda
8333,2026-07-27,16,4,Online
8334,2026-07-28,14,4,Online
8335,2026-07-28,16,6,Tienda
8336,2026-07-28,25,1,Tienda
8337,2026-07-28,26,5,Online
8338,2026-07-28,26,3,Tienda
8339,2026-07-28,8,4,Online
8340,2026-07-28,14,6,Tienda
8341,2026-07-28,26,5,Tienda
8342,2026-07-28,29,7,Online
8343,2026-07-28,16,5,Mayorista
8344,2026-07-28,15,2,Tienda
8345,2026-07-28,24,3,Tienda
8346,2026-07-28,30,4,Tienda
8347,2026-07-28,14,7,Tienda
8348,2026-07-28,6,2,Tienda
8349,2026-07-28,26,2,Online
8350,2026-07-28,22,1,Tienda
8351,2026-07-28,6,3,Mayorista
8352,2026-07-28,11,1,Online
8353,2026-07-28,17,3,Tienda
8354,2026-07-28,23,2,Tienda
8355,2026-07-28,25,4,Mayorista
8356,2026-07-28,6,4,Tienda
8357,2026-07-28,9,7,Online
8358,2026-07-29,24,7,Online
8359,2026-07-29,2,4,Mayorista
8360,2026-07-29,5,2,Online
8361,2026-07-29,9,4,Online
8362,2026-07-29,10,2,Online
8363,2026-07-29,28,3,Tienda
8364,2026-07-29,23,6,Online
8365,2026-07-29,6,6,Tienda
8366,2026-07-29,14,6,Tienda
8367,2026-07-29,10,5,Online
8368,2026-07-29,26,7,Tienda
8369,2026-07-29,28,7,Tienda
8370,2026-07-29,6,7,Online
8371,2026-07-29,14,1,Tienda
8372,2026-07-29,29,4,Mayorista
8373,2026-07-29,20,2,Tienda
8374,2026-07-29,27,6,Mayorista
8375,2026-07-29,12,7,Online
8376,2026-07-29,8,7,Tienda
8377,2026-07-29,21,6,Online
8378,2026-07-29,5,2,Mayorista
8379,2026-07-29,26,3,Tienda
8380,2026-07-29,24,2,Tienda
8381,2026-07-29,11,2,Online
8382,2026-07-29,15,4,Tienda
8383,2026-07-29,26,1,Online
8384,2026-07-29,29,5,Tienda
8385,2026-07-29,12,5,Tienda
8386,2026-07-30,16,7,Tienda
8387,2026-07-30,10,7,Tienda
8388,2026-07-30,30,6,Tienda
8389,2026-07-30,10,1,Tienda
8390,2026-07-30,10,6,Tienda
8391,2026-07-30,26,5,Tienda
8392,2026-07-30,28,1,Tienda
8393,2026-07-30,16,4,Tienda
8394,2026-07-30,2,4,Tienda
8395,2026-07-30,12,7,Mayorista
8396,2026-07-30,9,2,Mayorista
8397,2026-07-30,16,4,Tienda
8398,2026-07-30,21,4,Online
8399,2026-07-30,13,6,Tienda
8400,2026-07-31,4,2,Tienda
8401,2026-07-31,16,6,Tienda
8402,2026-07-31,18,1,Online
8403,2026-07-31,18,3,Mayorista
8404,2026-07-31,6,1,Tienda
8405,2026-07-31,23,6,Tienda
8406,2026-07-31,10,3,Tienda
8407,2026-07-31,29,4,Tienda
8408,2026-07-31,9,3,Tienda
8409,2026-07-31,2,1,Tienda
8410,2026-07-31,17,3,Online
8411,2026-07-31,7,7,Online
8412,2026-07-31,20,5,Mayorista
8413,2026-07-31,10,1,Mayorista
8414,2026-07-31,14,4,Tienda
8415,2026-07-31,7,1,Online
8416,2026-07-31,14,4,Tienda
8417,2026-07-31,5,7,Tienda
8418,2026-07-31,11,2,Tienda
8419,2026-07-31,7,5,Online
8420,2026-07-31,26,2,Tienda
8421,2026-07-31,23,7,Tienda
8422,2026-07-31,6,1,Mayorista
8423,2026-07-31,3,1,Online
8424,2026-07-31,2,7,Tienda
8425,2026-07-31,9,1,Tienda
8426,2026-07-31,15,3,Online
8427,2026-07-31,13,5,Online
8428,2026-07-31,30,4,Tienda
8429,2026-07-31,26,1,Tienda
8430,2026-07-31,3,7,Tienda
8431,2026-07-31,6,6,Tienda
8432,2026-07-31,2,4,Mayorista
8433,2026-07-31,6,4,Mayorista
8434,2026-07-31,16,4,Tienda
8435,2026-08-01,2,4,Tienda
8436,2026-08-01,27,2,Tienda
8437,2026-08-01,3,3,Online
8438,2026-08-01,11,1,Online
8439,2026-08-01,10,7,Tienda
8440,2026-08-01,24,6,Mayorista
8441,2026-08-01,29,5,Mayorista
8442,2026-08-01,26,5,Online
8443,2026-08-01,11,1,Tienda
8444,2026-08-01,14,6,Mayorista
8445,2026-08-01,10,6,Tienda
8446,2026-08-01,28,3,Tienda
8447,2026-08-01,5,6,Tienda
8448,2026-08-01,29,3,Tienda
8449,2026-08-01,26,2,Online
8450,2026-08-01,22,6,Mayorista
8451,2026-08-01,24,5,Tienda
8452,2026-08-01,12,6,Online
8453,2026-08-01,11,1,Tienda
8454,2026-08-01,13,5,Mayorista
8455,2026-08-01,7,1,Tienda
8456,2026-08-01,24,7,Mayorista
8457,2026-08-01,15,5,Mayorista
8458,2026-08-01,27,1,Online
8459,2026-08-01,27,7,Online
8460,2026-08-02,26,2,Mayorista
8461,2026-08-02,25,4,Online
8462,2026-08-02,15,1,Tienda
8463,2026-08-02,23,6,Mayorista
8464,2026-08-02,2,4,Mayorista
8465,2026-08-02,11,1,Mayorista
8466,2026-08-02,21,2,Tienda
8467,2026-08-02,10,2,Tienda
8468,2026-08-02,14,6,Tienda
8469,2026-08-02,29,2,Mayorista
8470,2026-08-02,26,6,Mayorista
8471,2026-08-02,17,3,Mayorista
8472,2026-08-02,17,3,Tienda
8473,2026-08-02,27,6,Tienda
8474,2026-08-02,27,2,Tienda
8475,2026-08-02,4,6,Online
8476,2026-08-02,15,1,Tienda
8477,2026-08-02,7,3,Tienda
8478,2026-08-02,3,5,Online
8479,2026-08-02,11,1,Tienda
8480,2026-08-02,19,2,Online
8481,2026-08-02,26,1,Mayorista
8482,2026-08-02,28,7,Tienda
8483,2026-08-02,14,3,Tienda
8484,2026-08-02,14,7,Mayorista
8485,2026-08-02,6,4,Tienda
8486,2026-08-02,7,1,Tienda
8487,2026-08-02,4,4,Tienda
8488,2026-08-03,29,6,Tienda
8489,2026-08-03,17,3,Online
8490,2026-08-03,23,1,Online
8491,2026-08-03,7,5,Tienda
8492,2026-08-03,28,7,Tienda
8493,2026-08-03,2,6,Online
8494,2026-08-03,10,1,Tienda
8495,2026-08-03,14,2,Tienda
8496,2026-08-03,9,5,Online
8497,2026-08-03,20,7,Mayorista
8498,2026-08-03,21,2,Tienda
8499,2026-08-03,8,1,Tienda
8500,2026-08-03,1,6,Online
8501,2026-08-03,3,7,Tienda
8502,2026-08-03,1,6,Tienda
8503,2026-08-03,28,4,Tienda
8504,2026-08-03,20,3,Online
8505,2026-08-04,11,6,Online
8506,2026-08-04,10,3,Tienda
8507,2026-08-04,6,1,Tienda
8508,2026-08-04,23,4,Tienda
8509,2026-08-04,2,1,Tienda
8510,2026-08-04,28,5,Tienda
8511,2026-08-04,24,5,Tienda
8512,2026-08-04,14,6,Tienda
8513,2026-08-04,27,7,Mayorista
8514,2026-08-04,20,3,Online
8515,2026-08-04,17,4,Mayorista
8516,2026-08-05,20,5,Tienda
8517,2026-08-05,27,2,Online
8518,2026-08-05,20,7,Mayorista
8519,2026-08-05,10,4,Online
8520,2026-08-05,2,4,Tienda
8521,2026-08-05,4,7,Online
8522,2026-08-05,16,4,Tienda
8523,2026-08-05,30,2,Mayorista
8524,2026-08-05,24,1,Tienda
8525,2026-08-05,25,6,Tienda
8526,2026-08-05,20,6,Tienda
8527,2026-08-05,28,2,Tienda
8528,2026-08-05,23,3,Mayorista
8529,2026-08-05,10,6,Tienda
8530,2026-08-05,15,7,Tienda
8531,2026-08-05,14,5,Tienda
8532,2026-08-05,6,6,Tienda
8533,2026-08-05,9,3,Online
8534,2026-08-05,11,4,Tienda
8535,2026-08-05,6,4,Mayorista
8536,2026-08-05,9,1,Mayorista
8537,2026-08-05,28,2,Online
8538,2026-08-05,12,5,Mayorista
8539,2026-08-05,26,3,Online
8540,2026-08-06,26,5,Tienda
8541,2026-08-06,21,5,Tienda
8542,2026-08-06,11,2,Tienda
8543,2026-08-06,20,2,Tienda
8544,2026-08-06,26,7,Mayorista
8545,2026-08-06,10,1,Mayorista
8546,2026-08-06,24,2,Online
8547,2026-08-06,3,2,Mayorista
8548,2026-08-06,20,7,Online
8549,2026-08-06,30,5,Tienda
8550,2026-08-06,27,2,Tienda
8551,2026-08-06,27,5,Mayorista
8552,2026-08-06,21,7,Tienda
8553,2026-08-06,15,6,Tienda
8554,2026-08-06,21,5,Online
8555,2026-08-06,11,5,Tienda
8556,2026-08-06,17,5,Mayorista
8557,2026-08-06,16,2,Online
8558,2026-08-06,16,2,Online
8559,2026-08-06,14,1,Tienda
8560,2026-08-06,12,2,Tienda
8561,2026-08-07,5,6,Online
8562,2026-08-07,5,2,Tienda
8563,2026-08-07,15,5,Online
8564,2026-08-07,10,6,Tienda
8565,2026-08-07,10,6,Tienda
8566,2026-08-07,20,2,Tienda
8567,2026-08-07,14,5,Online
8568,2026-08-07,27,5,Tienda
8569,2026-08-07,14,2,Online
8570,2026-08-07,20,6,Online
8571,2026-08-07,13,1,Tienda
8572,2026-08-07,10,2,Tienda
8573,2026-08-07,15,1,Online
8574,2026-08-07,23,6,Mayorista
8575,2026-08-07,29,5,Online
8576,2026-08-07,2,2,Mayorista
8577,2026-08-07,16,7,Tienda
8578,2026-08-07,20,2,Tienda
8579,2026-08-07,3,5,Tienda
8580,2026-08-07,26,5,Tienda
8581,2026-08-07,10,1,Online
8582,2026-08-07,27,4,Mayorista
8583,2026-08-07,17,6,Mayorista
8584,2026-08-08,14,6,Mayorista
8585,2026-08-08,27,7,Online
8586,2026-08-08,28,5,Tienda
8587,2026-08-08,21,2,Tienda
8588,2026-08-08,14,7,Online
8589,2026-08-08,10,1,Tienda
8590,2026-08-08,11,6,Tienda
8591,2026-08-08,5,3,Tienda
8592,2026-08-08,2,4,Tienda
8593,2026-08-08,14,5,Tienda
8594,2026-08-08,2,3,Online
8595,2026-08-08,27,7,Online
8596,2026-08-08,20,4,Tienda
8597,2026-08-08,27,4,Tienda
8598,2026-08-08,14,3,Mayorista
8599,2026-08-08,9,4,Online
8600,2026-08-08,11,3,Mayorista
8601,2026-08-08,27,5,Tienda
8602,2026-08-08,5,5,Tienda
8603,2026-08-08,22,6,Online
8604,2026-08-08,9,5,Online
8605,2026-08-08,12,1,Tienda
8606,2026-08-08,1,5,Online
8607,2026-08-08,15,4,Mayorista
8608,2026-08-08,5,5,Online
8609,2026-08-08,27,1,Online
8610,2026-08-08,4,4,Tienda
8611,2026-08-08,10,5,Tienda
8612,2026-08-08,1,3,Tienda
8613,2026-08-09,13,5,Online
8614,2026-08-09,24,2,Tienda
8615,2026-08-09,15,5,Tienda
8616,2026-08-09,26,6,Tienda
8617,2026-08-09,24,5,Online
8618,2026-08-09,24,2,Online
8619,2026-08-09,14,2,Tienda
8620,2026-08-09,30,6,Online
8621,2026-08-09,14,3,Online
8622,2026-08-09,26,4,Tienda
8623,2026-08-09,15,4,Mayorista
8624,2026-08-09,10,6,Tienda
8625,2026-08-09,20,2,Tienda
8626,2026-08-09,15,6,Tienda
8627,2026-08-09,10,5,Online
8628,2026-08-09,13,3,Tienda
8629,2026-08-09,6,1,Mayorista
8630,2026-08-09,30,1,Tienda
8631,2026-08-09,20,2,Tienda
8632,2026-08-10,2,6,Tienda
8633,2026-08-10,11,4,Tienda
8634,2026-08-10,20,6,Mayorista
8635,2026-08-10,29,3,Mayorista
8636,2026-08-10,13,1,Mayorista
8637,2026-08-10,30,5,Tienda
8638,2026-08-10,24,6,Tienda
8639,2026-08-10,15,4,Tienda
8640,2026-08-10,14,6,Tienda
8641,2026-08-10,5,2,Tienda
8642,2026-08-10,20,4,Tienda
8643,2026-08-10,2,1,Online
8644,2026-08-10,14,1,Tienda
8645,2026-08-10,10,5,Tienda
8646,2026-08-10,29,2,Mayorista
8647,2026-08-10,12,4,Online
8648,2026-08-10,15,4,Online
8649,2026-08-10,12,2,Tienda
8650,2026-08-10,5,5,Online
8651,2026-08-10,12,5,Tienda
8652,2026-08-10,25,2,Tienda
8653,2026-08-10,20,5,Tienda
8654,2026-08-11,4,7,Tienda
8655,2026-08-11,14,6,Online
8656,2026-08-11,27,4,Tienda
8657,2026-08-11,24,7,Tienda
8658,2026-08-11,22,3,Tienda
8659,2026-08-11,15,5,Tienda
8660,2026-08-11,14,3,Tienda
8661,2026-08-11,1,2,Mayorista
8662,2026-08-11,18,6,Tienda
8663,2026-08-11,17,2,Mayorista
8664,2026-08-11,1,4,Tienda
8665,2026-08-11,5,4,Online
8666,2026-08-11,1,7,Tienda
8667,2026-08-11,10,2,Tienda
8668,2026-08-11,1,2,Online
8669,2026-08-11,14,4,Online
8670,2026-08-11,15,3,Tienda
8671,2026-08-11,14,4,Online
8672,2026-08-12,16,6,Tienda
8673,2026-08-12,26,5,Online
8674,2026-08-12,22,2,Tienda
8675,2026-08-12,17,5,Tienda
8676,2026-08-12,26,3,Tienda
8677,2026-08-12,14,2,Online
8678,2026-08-12,2,5,Online
8679,2026-08-12,27,6,Tienda
8680,2026-08-12,16,3,Tienda
8681,2026-08-12,26,6,Mayorista
8682,2026-08-12,13,4,Tienda
8683,2026-08-12,18,4,Tienda
8684,2026-08-12,11,7,Online
8685,2026-08-13,20,1,Tienda
8686,2026-08-13,2,4,Tienda
8687,2026-08-13,24,3,Online
8688,2026-08-13,15,3,Tienda
8689,2026-08-13,16,1,Mayorista
8690,2026-08-13,2,4,Tienda
8691,2026-08-13,7,4,Mayorista
8692,2026-08-13,28,2,Tienda
8693,2026-08-13,11,1,Tienda
8694,2026-08-13,13,6,Mayorista
8695,2026-08-13,7,2,Tienda
8696,2026-08-13,20,2,Mayorista
8697,2026-08-13,24,7,Tienda
8698,2026-08-13,28,5,Tienda
8699,2026-08-13,17,3,Tienda
8700,2026-08-13,10,1,Tienda
8701,2026-08-13,3,7,Mayorista
8702,2026-08-13,10,4,Online
8703,2026-08-13,20,6,Tienda
8704,2026-08-13,30,7,Tienda
8705,2026-08-13,3,6,Tienda
8706,2026-08-13,13,4,Tienda
8707,2026-08-13,21,4,Online
8708,2026-08-13,17,6,Tienda
8709,2026-08-13,20,7,Tienda
8710,2026-08-14,27,4,Tienda
8711,2026-08-14,16,7,Mayorista
8712,2026-08-14,14,1,Tienda
8713,2026-08-14,24,7,Online
8714,2026-08-14,28,3,Tienda
8715,2026-08-14,26,4,Online
8716,2026-08-14,15,3,Tienda
8717,2026-08-14,12,6,Mayorista
8718,2026-08-14,20,4,Tienda
8719,2026-08-14,26,1,Tienda
8720,2026-08-14,30,4,Tienda
8721,2026-08-14,14,4,Online
8722,2026-08-14,21,7,Tienda
8723,2026-08-14,11,5,Tienda
8724,2026-08-14,3,3,Online
8725,2026-08-14,10,6,Mayorista
8726,2026-08-14,1,3,Tienda
8727,2026-08-14,16,7,Mayorista
8728,2026-08-14,12,3,Mayorista
8729,2026-08-14,21,2,Tienda
8730,2026-08-14,20,3,Mayorista
8731,2026-08-14,6,5,Online
8732,2026-08-14,21,5,Online
8733,2026-08-15,7,7,Tienda
8734,2026-08-15,15,3,Tienda
8735,2026-08-15,23,7,Mayorista
8736,2026-08-15,15,1,Online
8737,2026-08-15,11,5,Mayorista
8738,2026-08-15,21,3,Mayorista
8739,2026-08-15,14,5,Tienda
8740,2026-08-15,30,6,Tienda
8741,2026-08-15,12,4,Online
8742,2026-08-15,23,4,Online
8743,2026-08-15,17,5,Online
8744,2026-08-15,3,5,Mayorista
8745,2026-08-15,15,6,Mayorista
8746,2026-08-15,2,4,Online
8747,2026-08-15,25,1,Online
8748,2026-08-15,23,3,Tienda
8749,2026-08-15,2,5,Mayorista
8750,2026-08-15,15,2,Tienda
8751,2026-08-15,30,1,Mayorista
8752,2026-08-15,10,4,Tienda
8753,2026-08-15,28,1,Tienda
8754,2026-08-15,6,2,Tienda
8755,2026-08-15,1,6,Tienda
8756,2026-08-15,16,2,Online
8757,2026-08-15,10,2,Tienda
8758,2026-08-15,27,3,Tienda
8759,2026-08-15,21,3,Online
8760,2026-08-15,21,4,Tienda
8761,2026-08-15,21,4,Tienda
8762,2026-08-15,21,3,Tienda
8763,2026-08-15,24,2,Tienda
8764,2026-08-15,21,1,Tienda
8765,2026-08-15,26,4,Tienda
8766,2026-08-15,17,2,Online
8767,2026-08-15,12,1,Tienda
8768,2026-08-15,15,4,Tienda
8769,2026-08-15,14,3,Tienda
8770,2026-08-16,12,3,Tienda
8771,2026-08-16,5,7,Tienda
8772,2026-08-16,28,5,Tienda
8773,2026-08-16,23,4,Tienda
8774,2026-08-16,3,1,Tienda
8775,2026-08-16,28,3,Tienda
8776,2026-08-16,6,5,Tienda
8777,2026-08-16,4,3,Tienda
8778,2026-08-16,6,5,Mayorista
8779,2026-08-16,29,6,Mayorista
8780,2026-08-16,9,6,Mayorista
8781,2026-08-16,25,6,Tienda
8782,2026-08-16,20,7,Tienda
8783,2026-08-16,16,6,Tienda
8784,2026-08-16,12,6,Tienda
8785,2026-08-16,4,3,Tienda
8786,2026-08-16,22,7,Tienda
8787,2026-08-16,13,3,Tienda
8788,2026-08-16,16,3,Tienda
8789,2026-08-16,2,5,Tienda
8790,2026-08-16,25,4,Tienda
8791,2026-08-16,21,4,Tienda
8792,2026-08-16,16,1,Tienda
8793,2026-08-16,15,3,Online
8794,2026-08-16,11,3,Tienda
8795,2026-08-16,12,2,Online
8796,2026-08-17,4,7,Tienda
8797,2026-08-17,2,5,Tienda
8798,2026-08-17,28,6,Online
8799,2026-08-17,21,7,Tienda
8800,2026-08-17,25,7,Tienda
8801,2026-08-17,20,1,Tienda
8802,2026-08-17,28,1,Mayorista
8803,2026-08-17,28,5,Tienda
8804,2026-08-17,3,6,Online
8805,2026-08-17,7,3,Tienda
8806,2026-08-17,13,7,Tienda
8807,2026-08-17,12,6,Online
8808,2026-08-17,16,6,Tienda
8809,2026-08-17,10,7,Tienda
8810,2026-08-17,26,4,Tienda
8811,2026-08-17,1,1,Tienda
8812,2026-08-17,26,5,Online
8813,2026-08-17,13,1,Online
8814,2026-08-18,11,4,Tienda
8815,2026-08-18,8,6,Mayorista
8816,2026-08-18,24,3,Online
8817,2026-08-18,20,5,Tienda
8818,2026-08-18,10,7,Tienda
8819,2026-08-18,30,5,Tienda
8820,2026-08-18,26,4,Tienda
8821,2026-08-18,5,5,Tienda
8822,2026-08-18,6,6,Tienda
8823,2026-08-18,16,3,Online
8824,2026-08-18,4,6,Tienda
8825,2026-08-18,30,4,Tienda
8826,2026-08-18,20,5,Tienda
8827,2026-08-18,3,3,Online
8828,2026-08-18,14,1,Online
8829,2026-08-18,9,3,Tienda
8830,2026-08-18,15,7,Tienda
8831,2026-08-18,10,6,Mayorista
8832,2026-08-18,26,2,Mayorista
8833,2026-08-18,23,4,Tienda
8834,2026-08-18,28,7,Tienda
8835,2026-08-18,7,6,Tienda
8836,2026-08-18,13,5,Tienda
8837,2026-08-18,26,2,Tienda
8838,2026-08-19,23,1,Tienda
8839,2026-08-19,24,6,Tienda
8840,2026-08-19,10,1,Tienda
8841,2026-08-19,23,1,Online
8842,2026-08-19,14,3,Tienda
8843,2026-08-19,3,4,Mayorista
8844,2026-08-19,13,1,Mayorista
8845,2026-08-19,5,6,Tienda
8846,2026-08-19,27,1,Tienda
8847,2026-08-19,26,1,Tienda
8848,2026-08-19,11,7,Tienda
8849,2026-08-19,19,2,Online
8850,2026-08-19,12,6,Tienda
8851,2026-08-19,6,5,Tienda
8852,2026-08-19,20,3,Tienda
8853,2026-08-19,24,6,Online
8854,2026-08-19,25,3,Online
8855,2026-08-19,6,5,Online
8856,2026-08-19,16,5,Tienda
8857,2026-08-19,2,3,Online
8858,2026-08-20,5,3,Online
8859,2026-08-20,23,3,Tienda
8860,2026-08-20,18,7,Tienda
8861,2026-08-20,14,5,Tienda
8862,2026-08-20,15,2,Tienda
8863,2026-08-20,26,4,Tienda
8864,2026-08-20,5,3,Online
8865,2026-08-20,13,2,Tienda
8866,2026-08-20,24,3,Tienda
8867,2026-08-20,20,3,Tienda
8868,2026-08-20,14,5,Online
8869,2026-08-20,9,2,Tienda
8870,2026-08-20,29,3,Online
8871,2026-08-20,14,5,Online
8872,2026-08-20,27,4,Mayorista
8873,2026-08-21,20,1,Tienda
8874,2026-08-21,10,3,Tienda
8875,2026-08-21,11,1,Tienda
8876,2026-08-21,27,3,Mayorista
8877,2026-08-21,22,2,Mayorista
8878,2026-08-21,11,3,Mayorista
8879,2026-08-21,5,5,Tienda
8880,2026-08-21,25,3,Mayorista
8881,2026-08-21,17,3,Online
8882,2026-08-21,30,2,Tienda
8883,2026-08-21,14,1,Tienda
8884,2026-08-21,12,2,Tienda
8885,2026-08-21,11,7,Tienda
8886,2026-08-21,15,7,Tienda
8887,2026-08-21,11,5,Mayorista
8888,2026-08-21,3,5,Tienda
8889,2026-08-21,11,6,Tienda
8890,2026-08-21,9,6,Mayorista
8891,2026-08-21,26,3,Mayorista
8892,2026-08-21,10,6,Online
8893,2026-08-21,15,2,Tienda
8894,2026-08-21,21,7,Online
8895,2026-08-21,6,3,Tienda
8896,2026-08-21,16,6,Mayorista
8897,2026-08-21,27,1,Mayorista
8898,2026-08-21,18,6,Tienda
8899,2026-08-21,15,6,Tienda
8900,2026-08-21,26,6,Mayorista
8901,2026-08-21,29,4,Tienda
8902,2026-08-21,26,1,Tienda
8903,2026-08-22,27,5,Tienda
8904,2026-08-22,27,2,Tienda
8905,2026-08-22,12,4,Online
8906,2026-08-22,26,5,Tienda
8907,2026-08-22,21,3,Online
8908,2026-08-22,14,1,Tienda
8909,2026-08-22,12,1,Tienda
8910,2026-08-22,8,2,Mayorista
8911,2026-08-22,3,5,Mayorista
8912,2026-08-22,16,3,Tienda
8913,2026-08-22,16,4,Tienda
8914,2026-08-22,14,1,Online
8915,2026-08-22,29,1,Tienda
8916,2026-08-22,1,4,Mayorista
8917,2026-08-22,27,2,Tienda
8918,2026-08-22,26,4,Online
8919,2026-08-22,24,1,Tienda
8920,2026-08-22,16,2,Mayorista
8921,2026-08-22,7,4,Tienda
8922,2026-08-22,27,4,Tienda
8923,2026-08-22,24,2,Tienda
8924,2026-08-22,26,1,Tienda
8925,2026-08-22,10,7,Tienda
8926,2026-08-22,17,2,Tienda
8927,2026-08-22,14,4,Tienda
8928,2026-08-22,20,3,Mayorista
8929,2026-08-22,24,2,Tienda
8930,2026-08-22,6,1,Mayorista
8931,2026-08-22,6,4,Mayorista
8932,2026-08-22,2,1,Online
8933,2026-08-22,6,5,Tienda
8934,2026-08-23,2,4,Online
8935,2026-08-23,24,2,Online
8936,2026-08-23,26,7,Mayorista
8937,2026-08-23,22,4,Tienda
8938,2026-08-23,2,7,Mayorista
8939,2026-08-23,24,1,Tienda
8940,2026-08-23,23,1,Tienda
8941,2026-08-23,1,2,Tienda
8942,2026-08-23,28,4,Tienda
8943,2026-08-23,5,3,Mayorista
8944,2026-08-23,29,4,Tienda
8945,2026-08-23,3,3,Online
8946,2026-08-23,10,3,Online
8947,2026-08-23,21,1,Tienda
8948,2026-08-23,5,6,Tienda
8949,2026-08-23,7,4,Tienda
8950,2026-08-23,1,7,Online
8951,2026-08-23,26,4,Tienda
8952,2026-08-23,2,3,Mayorista
8953,2026-08-23,20,7,Tienda
8954,2026-08-23,18,3,Online
8955,2026-08-23,16,6,Tienda
8956,2026-08-23,12,1,Tienda
8957,2026-08-23,11,5,Online
8958,2026-08-23,29,4,Tienda
8959,2026-08-24,27,5,Online
8960,2026-08-24,2,1,Tienda
8961,2026-08-24,29,5,Tienda
8962,2026-08-24,12,7,Tienda
8963,2026-08-24,12,2,Tienda
8964,2026-08-24,23,1,Tienda
8965,2026-08-24,13,7,Tienda
8966,2026-08-24,20,6,Mayorista
8967,2026-08-24,28,2,Online
8968,2026-08-24,27,4,Tienda
8969,2026-08-24,16,1,Tienda
8970,2026-08-24,23,1,Tienda
8971,2026-08-24,13,6,Tienda
8972,2026-08-24,25,5,Tienda
8973,2026-08-24,6,2,Tienda
8974,2026-08-24,2,7,Tienda
8975,2026-08-24,16,6,Tienda
8976,2026-08-24,9,3,Tienda
8977,2026-08-24,23,6,Tienda
8978,2026-08-24,4,5,Online
8979,2026-08-25,25,4,Tienda
8980,2026-08-25,9,5,Tienda
8981,2026-08-25,11,5,Mayorista
8982,2026-08-25,14,7,Tienda
8983,2026-08-25,23,6,Tienda
8984,2026-08-25,6,2,Tienda
8985,2026-08-25,28,4,Mayorista
8986,2026-08-25,11,3,Tienda
8987,2026-08-25,30,1,Mayorista
8988,2026-08-25,11,7,Tienda
8989,2026-08-25,23,6,Tienda
8990,2026-08-25,12,4,Tienda
8991,2026-08-25,26,1,Tienda
8992,2026-08-25,15,6,Tienda
8993,2026-08-25,27,4,Tienda
8994,2026-08-25,24,7,Tienda
8995,2026-08-26,11,1,Mayorista
8996,2026-08-26,14,6,Online
8997,2026-08-26,21,5,Tienda
8998,2026-08-26,12,4,Tienda
8999,2026-08-26,17,5,Tienda
9000,2026-08-26,1,1,Tienda
9001,2026-08-26,13,2,Tienda
9002,2026-08-26,29,4,Tienda
9003,2026-08-26,25,2,Tienda
9004,2026-08-26,24,4,Tienda
9005,2026-08-26,11,5,Tienda
9006,2026-08-26,15,7,Mayorista
9007,2026-08-27,15,7,Tienda
9008,2026-08-27,21,3,Mayorista
9009,2026-08-27,28,5,Tienda
9010,2026-08-27,14,1,Online
9011,2026-08-27,24,3,Online
9012,2026-08-27,27,7,Tienda
9013,2026-08-27,25,1,Tienda
9014,2026-08-27,2,1,Tienda
9015,2026-08-27,1,2,Tienda
9016,2026-08-27,27,6,Tienda
9017,2026-08-27,23,4,Tienda
9018,2026-08-27,29,7,Tienda
9019,2026-08-27,11,3,Tienda
9020,2026-08-27,25,4,Tienda
9021,2026-08-27,26,4,Mayorista
9022,2026-08-27,27,7,Online
9023,2026-08-27,21,7,Tienda
9024,2026-08-27,6,5,Mayorista
9025,2026-08-27,21,2,Tienda
9026,2026-08-27,19,4,Tienda
9027,2026-08-28,10,4,Tienda
9028,2026-08-28,11,3,Tienda
9029,2026-08-28,15,2,Tienda
9030,2026-08-28,1,3,Online
9031,2026-08-28,17,7,Mayorista
9032,2026-08-28,7,6,Tienda
9033,2026-08-28,18,2,Mayorista
9034,2026-08-28,10,7,Mayorista
9035,2026-08-28,14,6,Tienda
9036,2026-08-28,20,6,Mayorista
9037,2026-08-28,20,7,Online
9038,2026-08-28,2,5,Tienda
9039,2026-08-28,16,1,Tienda
9040,2026-08-28,26,2,Tienda
9041,2026-08-28,8,4,Mayorista
9042,2026-08-28,16,3,Tienda
9043,2026-08-28,14,6,Tienda
9044,2026-08-28,27,1,Tienda
9045,2026-08-28,14,2,Online
9046,2026-08-28,29,3,Mayorista
9047,2026-08-28,20,5,Tienda
9048,2026-08-28,17,2,Online
9049,2026-08-29,18,5,Tienda
9050,2026-08-29,27,5,Tienda
9051,2026-08-29,2,5,Online
9052,2026-08-29,30,4,Online
9053,2026-08-29,30,4,Tienda
9054,2026-08-29,2,5,Tienda
9055,2026-08-29,15,6,Online
9056,2026-08-29,13,1,Mayorista
9057,2026-08-29,10,1,Online
9058,2026-08-29,30,4,Online
9059,2026-08-29,6,5,Tienda
9060,2026-08-29,10,2,Tienda
9061,2026-08-29,1,5,Tienda
9062,2026-08-29,18,7,Tienda
9063,2026-08-29,27,6,Online
9064,2026-08-29,20,3,Tienda
9065,2026-08-29,20,5,Tienda
9066,2026-08-29,3,7,Mayorista
9067,2026-08-29,23,7,Tienda
9068,2026-08-29,14,5,Online
9069,2026-08-29,15,4,Tienda
9070,2026-08-29,18,4,Online
9071,2026-08-29,30,5,Tienda
9072,2026-08-29,24,5,Online
9073,2026-08-30,11,7,Tienda
9074,2026-08-30,10,3,Online
9075,2026-08-30,17,1,Tienda
9076,2026-08-30,11,4,Online
9077,2026-08-30,5,6,Tienda
9078,2026-08-30,25,7,Tienda
9079,2026-08-30,8,1,Mayorista
9080,2026-08-30,6,1,Mayorista
9081,2026-08-30,27,3,Tienda
9082,2026-08-30,22,4,Tienda
9083,2026-08-30,24,2,Tienda
9084,2026-08-30,12,5,Tienda
9085,2026-08-30,20,4,Online
9086,2026-08-30,29,3,Mayorista
9087,2026-08-30,10,1,Mayorista
9088,2026-08-30,3,2,Tienda
9089,2026-08-30,6,7,Mayorista
9090,2026-08-30,28,5,Tienda
9091,2026-08-30,10,3,Tienda
9092,2026-08-30,15,1,Online
9093,2026-08-30,16,3,Tienda
9094,2026-08-30,29,4,Tienda
9095,2026-08-30,11,4,Tienda
9096,2026-08-30,16,2,Mayorista
9097,2026-08-30,29,1,Tienda
9098,2026-08-30,7,3,Tienda
9099,2026-08-30,18,4,Tienda
9100,2026-08-30,3,7,Tienda
9101,2026-08-30,10,7,Tienda
9102,2026-08-30,3,3,Tienda
9103,2026-08-31,12,6,Tienda
9104,2026-08-31,22,4,Tienda
9105,2026-08-31,2,5,Tienda
9106,2026-08-31,8,6,Tienda
9107,2026-08-31,30,6,Tienda
9108,2026-08-31,18,7,Online
9109,2026-08-31,20,2,Tienda
9110,2026-08-31,16,1,Tienda
9111,2026-08-31,30,2,Online
9112,2026-08-31,6,1,Tienda
9113,2026-08-31,3,7,Online
9114,2026-08-31,26,4,Tienda
9115,2026-08-31,1,5,Tienda
9116,2026-08-31,17,4,Tienda
9117,2026-08-31,1,4,Tienda
9118,2026-08-31,12,7,Online
9119,2026-08-31,20,2,Tienda
9120,2026-08-31,16,4,Tienda
9121,2026-08-31,17,1,Tienda
9122,2026-08-31,6,2,Tienda
9123,2026-08-31,11,3,Tienda
9124,2026-08-31,22,1,Tienda
9125,2026-08-31,2,2,Online
9126,2026-08-31,18,3,Tienda
